,customer_gender,customer_height,customer_weight,customer_size,major,sub
0,1.0,161.0,57.0,2.0,skirt,long
1,1.0,166.0,56.0,1.0,skirt,long
2,1.0,176.0,58.0,1.0,skirt,long
3,1.0,164.0,48.0,1.0,skirt,long
4,0.0,161.0,50.0,1.0,skirt,long
5,1.0,160.0,46.0,1.0,skirt,long
6,1.0,156.0,50.0,2.0,skirt,long
7,1.0,163.0,50.0,1.0,skirt,long
8,1.0,160.0,55.0,1.0,skirt,long
9,1.0,165.0,65.0,3.0,skirt,long
10,1.0,163.0,53.0,2.0,skirt,long
11,1.0,158.0,63.0,1.0,skirt,long
12,1.0,172.0,56.0,1.0,skirt,long
13,1.0,168.0,57.0,2.0,skirt,long
14,1.0,158.0,47.0,1.0,skirt,long
15,1.0,162.0,45.0,2.0,skirt,long
16,1.0,165.0,50.0,1.0,skirt,long
17,1.0,157.0,65.0,3.0,skirt,long
18,1.0,169.0,60.0,2.0,skirt,long
19,1.0,163.0,56.0,3.0,skirt,long
20,1.0,164.0,48.0,1.0,skirt,long
21,1.0,163.0,42.0,1.0,skirt,long
22,1.0,175.0,58.0,2.0,skirt,long
23,1.0,155.0,40.0,0.0,skirt,long
24,1.0,170.0,58.0,1.0,skirt,long
25,1.0,158.0,50.0,1.0,skirt,long
26,1.0,164.0,55.0,2.0,skirt,long
27,1.0,162.0,60.0,2.0,skirt,long
28,1.0,164.0,55.0,1.0,skirt,long
29,1.0,160.0,57.0,3.0,skirt,long
30,1.0,158.0,48.0,1.0,skirt,long
31,1.0,158.0,48.0,1.0,skirt,long
32,1.0,151.0,46.0,1.0,skirt,long
33,1.0,158.0,57.0,1.0,skirt,long
34,1.0,156.0,50.0,1.0,skirt,long
35,1.0,160.0,48.0,1.0,skirt,long
36,1.0,158.0,49.0,2.0,skirt,long
37,1.0,165.0,55.0,2.0,skirt,long
38,1.0,156.0,47.0,0.0,skirt,long
39,1.0,158.0,45.0,1.0,skirt,long
40,1.0,164.0,46.0,0.0,skirt,long
41,1.0,160.0,54.0,0.0,skirt,long
42,1.0,168.0,52.0,2.0,skirt,long
43,1.0,165.0,53.0,1.0,skirt,long
44,1.0,171.0,57.0,2.0,skirt,long
45,1.0,162.0,62.0,2.0,skirt,long
46,1.0,157.0,46.0,1.0,skirt,long
47,1.0,160.0,44.0,1.0,skirt,long
48,1.0,157.0,48.0,0.0,skirt,long
49,1.0,164.0,54.0,2.0,skirt,long
50,1.0,171.0,50.0,1.0,skirt,long
51,1.0,160.0,60.0,2.0,skirt,long
52,1.0,163.0,47.0,1.0,skirt,long
53,1.0,172.0,68.0,3.0,skirt,long
54,1.0,170.0,70.0,2.0,skirt,long
55,1.0,163.0,50.0,1.0,skirt,long
56,1.0,165.0,48.0,2.0,skirt,long
57,1.0,160.0,53.0,2.0,skirt,long
58,1.0,165.0,55.0,2.0,skirt,long
59,1.0,153.0,49.0,2.0,skirt,long
60,1.0,164.0,53.0,1.0,skirt,long
61,1.0,168.0,57.0,2.0,skirt,long
62,1.0,165.0,55.0,1.0,skirt,long
63,1.0,163.0,63.0,1.0,skirt,long
64,1.0,162.0,48.0,1.0,skirt,long
65,1.0,170.0,60.0,2.0,skirt,long
66,1.0,155.0,44.0,1.0,skirt,long
67,1.0,168.0,53.0,2.0,skirt,long
68,1.0,161.0,49.0,1.0,skirt,long
69,1.0,157.0,53.0,1.0,skirt,long
70,1.0,156.0,50.0,0.0,skirt,long
71,1.0,165.0,48.0,1.0,skirt,long
72,1.0,160.0,48.0,0.0,skirt,long
73,1.0,160.0,44.0,1.0,skirt,long
74,1.0,166.0,45.0,1.0,skirt,long
75,1.0,169.0,70.0,3.0,skirt,long
76,1.0,163.0,49.0,2.0,skirt,long
77,1.0,163.0,53.0,1.0,skirt,long
78,1.0,161.0,50.0,2.0,skirt,long
79,1.0,157.0,46.0,1.0,skirt,long
80,1.0,160.0,52.0,0.0,skirt,long
81,1.0,170.0,58.0,2.0,skirt,long
82,1.0,160.0,50.0,0.0,skirt,long
83,1.0,170.0,58.0,3.0,skirt,long
84,1.0,165.0,60.0,3.0,skirt,long
85,1.0,158.0,55.0,2.0,skirt,long
86,1.0,162.0,50.0,1.0,skirt,long
87,1.0,168.0,53.0,3.0,skirt,long
88,1.0,167.0,52.0,1.0,skirt,long
89,1.0,163.0,55.0,2.0,skirt,long
90,1.0,165.0,100.0,3.0,skirt,long
91,1.0,158.0,43.0,1.0,skirt,long
92,1.0,166.0,61.0,3.0,skirt,long
93,1.0,171.0,52.0,2.0,skirt,long
94,1.0,172.0,58.0,2.0,skirt,long
95,1.0,166.0,56.0,2.0,skirt,long
96,1.0,160.0,55.0,2.0,skirt,long
97,1.0,168.0,50.0,1.0,skirt,long
98,1.0,170.0,50.0,3.0,skirt,long
99,1.0,166.0,55.0,1.0,skirt,long
100,1.0,164.0,50.0,1.0,skirt,long
101,1.0,180.0,70.0,1.0,skirt,long
102,1.0,158.0,55.0,2.0,skirt,long
103,1.0,164.0,65.0,3.0,skirt,long
104,1.0,166.0,49.0,1.0,skirt,long
105,1.0,155.0,47.0,1.0,skirt,long
106,1.0,158.0,50.0,2.0,skirt,long
107,1.0,167.0,50.0,1.0,skirt,long
108,1.0,165.0,49.0,1.0,skirt,long
109,1.0,172.0,55.0,2.0,skirt,long
110,1.0,167.0,57.0,1.0,skirt,long
111,1.0,172.0,60.0,2.0,skirt,long
112,1.0,166.0,56.0,2.0,skirt,long
113,1.0,168.0,52.0,2.0,skirt,long
114,1.0,173.0,60.0,2.0,skirt,long
115,1.0,160.0,55.0,2.0,skirt,long
116,1.0,157.0,50.0,1.0,skirt,long
117,1.0,159.0,58.0,2.0,skirt,long
118,1.0,157.0,44.0,0.0,skirt,long
119,1.0,162.0,51.0,1.0,skirt,long
120,1.0,158.0,46.0,1.0,skirt,long
121,1.0,160.0,48.0,1.0,skirt,long
122,1.0,163.0,52.0,1.0,skirt,long
123,1.0,161.0,56.0,0.0,skirt,long
124,1.0,174.0,54.0,1.0,skirt,long
125,1.0,162.0,45.0,0.0,skirt,long
126,1.0,158.0,48.0,0.0,skirt,long
127,1.0,160.0,51.0,0.0,skirt,long
128,1.0,159.0,51.0,2.0,skirt,long
129,1.0,162.0,53.0,1.0,skirt,long
130,1.0,155.0,49.0,2.0,skirt,long
131,1.0,163.0,55.0,2.0,skirt,long
132,1.0,170.0,60.0,2.0,skirt,long
133,1.0,168.0,63.0,1.0,skirt,long
134,1.0,162.0,44.0,0.0,skirt,long
135,1.0,166.0,49.0,2.0,skirt,long
136,1.0,173.0,54.0,1.0,skirt,long
137,1.0,163.0,51.0,1.0,skirt,long
138,1.0,166.0,55.0,2.0,skirt,long
139,0.0,163.0,52.0,1.0,skirt,long
140,1.0,160.0,49.0,1.0,skirt,long
141,1.0,156.0,50.0,2.0,skirt,long
142,1.0,162.0,60.0,2.0,skirt,long
143,1.0,171.0,48.0,2.0,skirt,long
144,1.0,155.0,67.0,3.0,skirt,long
145,1.0,156.0,48.0,1.0,skirt,long
146,1.0,160.0,46.0,0.0,skirt,long
147,1.0,158.0,55.0,2.0,skirt,long
148,1.0,170.0,57.0,2.0,skirt,long
149,1.0,163.0,55.0,2.0,skirt,long
150,1.0,170.0,60.0,2.0,skirt,long
151,1.0,159.0,60.0,1.0,skirt,long
152,1.0,165.0,50.0,1.0,skirt,long
153,1.0,165.0,46.0,1.0,skirt,long
154,1.0,163.0,48.0,1.0,skirt,long
155,1.0,168.0,54.0,2.0,skirt,long
156,1.0,158.0,42.0,0.0,skirt,long
157,1.0,165.0,50.0,2.0,skirt,long
158,1.0,155.0,48.0,1.0,skirt,long
159,1.0,163.0,53.0,1.0,skirt,long
160,1.0,158.0,63.0,2.0,skirt,long
161,1.0,175.0,66.0,3.0,skirt,long
162,1.0,163.0,55.0,2.0,skirt,long
163,1.0,167.0,56.0,1.0,skirt,long
164,1.0,162.0,53.0,1.0,skirt,long
165,1.0,170.0,60.0,2.0,skirt,long
166,1.0,150.0,49.0,0.0,skirt,long
167,1.0,162.0,65.0,2.0,skirt,long
168,1.0,160.0,42.0,0.0,skirt,long
169,1.0,157.0,40.0,0.0,skirt,long
170,1.0,153.0,50.0,1.0,skirt,long
171,1.0,167.0,51.0,0.0,skirt,long
172,1.0,155.0,49.0,1.0,skirt,long
173,1.0,167.0,55.0,2.0,skirt,long
174,1.0,163.0,53.0,2.0,skirt,long
175,1.0,162.0,45.0,1.0,skirt,long
176,1.0,155.0,57.0,2.0,skirt,long
177,1.0,162.0,48.0,0.0,skirt,long
178,1.0,163.0,58.0,1.0,skirt,long
179,1.0,160.0,55.0,2.0,skirt,long
180,1.0,162.0,53.0,2.0,skirt,long
181,1.0,162.0,52.0,1.0,skirt,long
182,1.0,161.0,53.0,2.0,skirt,long
183,1.0,164.0,55.0,2.0,skirt,long
184,1.0,161.0,48.0,1.0,skirt,long
185,1.0,167.0,65.0,3.0,skirt,long
186,1.0,162.0,50.0,2.0,skirt,long
187,1.0,170.0,62.0,3.0,skirt,long
188,1.0,163.0,50.0,0.0,skirt,long
189,1.0,162.0,55.0,2.0,skirt,long
190,1.0,167.0,57.0,3.0,skirt,long
191,1.0,158.0,48.0,1.0,skirt,long
192,1.0,160.0,63.0,3.0,skirt,long
193,1.0,155.0,45.0,0.0,skirt,long
194,0.0,166.0,55.0,3.0,skirt,long
195,1.0,161.0,58.0,2.0,skirt,long
196,1.0,170.0,55.0,2.0,skirt,long
197,1.0,166.0,55.0,2.0,skirt,long
198,1.0,164.0,50.0,1.0,skirt,long
199,1.0,156.0,45.0,0.0,skirt,long
200,1.0,153.0,41.0,0.0,skirt,long
201,1.0,155.0,46.0,1.0,skirt,long
202,1.0,172.0,53.0,0.0,skirt,long
203,1.0,160.0,50.0,1.0,skirt,long
204,1.0,168.0,55.0,2.0,skirt,long
205,1.0,170.0,70.0,3.0,skirt,long
206,1.0,160.0,47.0,1.0,skirt,long
207,1.0,158.0,70.0,3.0,skirt,long
208,1.0,170.0,51.0,0.0,skirt,long
209,1.0,162.0,50.0,1.0,skirt,long
210,1.0,161.0,48.0,1.0,skirt,long
211,1.0,178.0,88.0,2.0,skirt,long
212,1.0,168.0,55.0,1.0,skirt,long
213,1.0,169.0,49.0,1.0,skirt,long
214,1.0,170.0,50.0,1.0,skirt,long
215,1.0,163.0,55.0,2.0,skirt,long
216,1.0,162.0,65.0,2.0,skirt,long
217,1.0,166.0,48.0,1.0,skirt,long
218,1.0,171.0,58.0,2.0,skirt,long
219,1.0,163.0,55.0,3.0,skirt,long
220,1.0,161.0,48.0,1.0,skirt,long
221,1.0,161.0,54.0,1.0,skirt,long
222,1.0,170.0,50.0,1.0,skirt,long
223,1.0,162.0,50.0,2.0,skirt,long
224,1.0,165.0,65.0,3.0,skirt,long
225,1.0,162.0,65.0,2.0,skirt,long
226,1.0,157.0,50.0,1.0,skirt,long
227,1.0,160.0,55.0,2.0,skirt,long
228,1.0,155.0,50.0,2.0,skirt,long
229,1.0,165.0,55.0,1.0,skirt,long
230,1.0,163.0,49.0,1.0,skirt,long
231,1.0,168.0,60.0,2.0,skirt,long
232,1.0,162.0,56.0,2.0,skirt,long
233,1.0,163.0,53.0,1.0,skirt,long
234,1.0,159.0,55.0,1.0,skirt,long
235,1.0,164.0,55.0,2.0,skirt,long
236,1.0,175.0,63.0,3.0,skirt,long
237,1.0,162.0,58.0,2.0,skirt,long
238,1.0,162.0,55.0,1.0,skirt,long
239,1.0,164.0,49.0,1.0,skirt,long
240,1.0,163.0,58.0,1.0,skirt,long
241,1.0,172.0,55.0,2.0,skirt,long
242,1.0,158.0,45.0,1.0,skirt,long
243,1.0,163.0,51.0,1.0,skirt,long
244,1.0,166.0,45.0,1.0,skirt,long
245,1.0,152.0,42.0,0.0,skirt,long
246,1.0,157.0,46.0,1.0,skirt,long
247,1.0,170.0,68.0,2.0,skirt,long
248,1.0,170.0,85.0,3.0,skirt,long
249,1.0,164.0,45.0,0.0,skirt,long
250,1.0,156.0,47.0,1.0,skirt,long
251,1.0,163.0,48.0,1.0,skirt,long
252,1.0,171.0,57.0,2.0,skirt,long
253,1.0,160.0,50.0,1.0,skirt,long
254,1.0,157.0,48.0,0.0,skirt,long
255,1.0,164.0,56.0,2.0,skirt,long
256,1.0,168.0,60.0,2.0,skirt,long
257,1.0,161.0,65.0,3.0,skirt,long
258,1.0,161.0,50.0,2.0,skirt,long
259,1.0,160.0,50.0,1.0,skirt,long
260,1.0,162.0,65.0,2.0,skirt,long
261,1.0,163.0,53.0,1.0,skirt,long
262,1.0,158.0,47.0,0.0,skirt,long
263,1.0,168.0,52.0,2.0,skirt,long
264,1.0,173.0,60.0,1.0,skirt,long
265,1.0,164.0,54.0,1.0,skirt,long
266,1.0,167.0,51.0,2.0,skirt,long
267,1.0,158.0,50.0,2.0,skirt,long
268,1.0,158.0,52.0,1.0,skirt,long
269,1.0,155.0,47.0,1.0,skirt,long
270,1.0,153.0,45.0,1.0,skirt,long
271,1.0,161.0,55.0,1.0,skirt,long
272,1.0,158.0,42.0,1.0,skirt,long
273,1.0,158.0,42.0,0.0,skirt,long
274,1.0,153.0,53.0,2.0,skirt,long
275,1.0,172.0,52.0,2.0,skirt,long
276,1.0,168.0,57.0,1.0,skirt,long
277,1.0,164.0,60.0,3.0,skirt,long
278,1.0,160.0,53.0,2.0,skirt,long
279,1.0,160.0,55.0,1.0,skirt,long
280,1.0,160.0,54.0,2.0,skirt,long
281,1.0,160.0,47.0,1.0,skirt,long
282,1.0,169.0,54.0,1.0,skirt,long
283,1.0,163.0,48.0,2.0,skirt,long
284,1.0,164.0,48.0,1.0,skirt,long
285,1.0,158.0,61.0,2.0,skirt,long
286,1.0,168.0,60.0,2.0,skirt,long
287,1.0,166.0,48.0,1.0,skirt,long
288,1.0,165.0,60.0,3.0,skirt,long
289,1.0,171.0,64.0,2.0,skirt,long
290,1.0,167.0,52.0,1.0,skirt,long
291,1.0,154.0,50.0,1.0,skirt,long
292,1.0,164.0,50.0,1.0,skirt,long
293,1.0,161.0,47.0,1.0,skirt,long
294,1.0,160.0,50.0,1.0,skirt,long
295,1.0,170.0,60.0,2.0,skirt,long
296,1.0,156.0,55.0,3.0,skirt,long
297,1.0,165.0,55.0,3.0,skirt,long
298,1.0,162.0,54.0,1.0,skirt,long
299,1.0,156.0,49.0,0.0,skirt,long
300,1.0,160.0,44.0,0.0,skirt,long
301,1.0,166.0,70.0,3.0,skirt,long
302,1.0,158.0,58.0,2.0,skirt,long
303,1.0,165.0,100.0,3.0,skirt,long
304,1.0,158.0,46.0,1.0,skirt,long
305,1.0,168.0,60.0,3.0,skirt,long
306,1.0,165.0,51.0,2.0,skirt,long
307,1.0,161.0,50.0,1.0,skirt,long
308,1.0,175.0,55.0,1.0,skirt,long
309,1.0,158.0,42.0,1.0,skirt,long
310,1.0,160.0,44.0,1.0,skirt,long
311,1.0,169.0,60.0,3.0,skirt,long
312,1.0,157.0,55.0,2.0,skirt,long
313,1.0,173.0,70.0,3.0,skirt,long
314,1.0,157.0,47.0,1.0,skirt,long
315,1.0,158.0,63.0,2.0,skirt,long
316,1.0,160.0,56.0,2.0,skirt,long
317,1.0,165.0,50.0,1.0,skirt,long
318,1.0,162.0,56.0,2.0,skirt,long
319,1.0,167.0,54.0,1.0,skirt,long
320,1.0,160.0,51.0,1.0,skirt,long
321,1.0,158.0,43.0,0.0,skirt,long
322,1.0,159.0,58.0,2.0,skirt,long
323,1.0,165.0,45.0,1.0,skirt,long
324,1.0,167.0,59.0,2.0,skirt,long
325,1.0,160.0,48.0,2.0,skirt,long
326,1.0,155.0,60.0,2.0,skirt,long
327,1.0,162.0,70.0,3.0,skirt,long
328,1.0,163.0,50.0,0.0,skirt,long
329,1.0,165.0,50.0,1.0,skirt,long
330,1.0,165.0,50.0,1.0,skirt,long
331,1.0,165.0,52.0,2.0,skirt,long
332,1.0,171.0,61.0,2.0,skirt,long
333,1.0,162.0,49.0,1.0,skirt,long
334,1.0,165.0,65.0,3.0,skirt,long
335,1.0,174.0,59.0,3.0,skirt,long
336,1.0,163.0,55.0,2.0,skirt,long
337,1.0,167.0,54.0,2.0,skirt,long
338,1.0,157.0,55.0,2.0,skirt,long
339,1.0,160.0,55.0,2.0,skirt,long
340,1.0,150.0,39.0,0.0,skirt,long
341,1.0,163.0,52.0,2.0,skirt,long
342,1.0,155.0,53.0,2.0,skirt,long
343,1.0,170.0,57.0,2.0,skirt,long
344,1.0,163.0,57.0,2.0,skirt,long
345,1.0,158.0,40.0,0.0,skirt,long
346,1.0,167.0,54.0,1.0,skirt,long
347,1.0,161.0,44.0,1.0,skirt,long
348,1.0,167.0,59.0,2.0,skirt,long
349,1.0,158.0,50.0,1.0,skirt,long
350,1.0,165.0,62.0,2.0,skirt,long
351,1.0,175.0,69.0,3.0,skirt,long
352,1.0,164.0,53.0,2.0,skirt,long
353,1.0,166.0,50.0,1.0,skirt,long
354,1.0,169.0,58.0,3.0,skirt,long
355,1.0,174.0,62.0,3.0,skirt,long
356,1.0,165.0,56.0,2.0,skirt,long
357,1.0,172.0,63.0,2.0,skirt,long
358,1.0,153.0,41.0,0.0,skirt,long
359,1.0,162.0,47.0,1.0,skirt,long
360,1.0,163.0,48.0,1.0,skirt,long
361,1.0,164.0,53.0,1.0,skirt,long
362,1.0,161.0,55.0,1.0,skirt,long
363,1.0,171.0,63.0,3.0,skirt,long
364,1.0,165.0,53.0,3.0,skirt,long
365,1.0,162.0,54.0,1.0,skirt,long
366,1.0,161.0,54.0,2.0,skirt,long
367,1.0,160.0,70.0,2.0,skirt,long
368,1.0,163.0,50.0,1.0,skirt,long
369,1.0,155.0,48.0,2.0,skirt,long
370,1.0,160.0,55.0,2.0,skirt,long
371,1.0,165.0,59.0,2.0,skirt,long
372,1.0,168.0,74.0,3.0,skirt,long
373,1.0,162.0,48.0,0.0,skirt,long
374,1.0,158.0,63.0,2.0,skirt,long
375,1.0,166.0,55.0,2.0,skirt,long
376,1.0,170.0,58.0,2.0,skirt,long
377,1.0,157.0,53.0,1.0,skirt,long
378,1.0,163.0,57.0,2.0,skirt,long
379,1.0,150.0,40.0,0.0,skirt,long
380,1.0,152.0,45.0,0.0,skirt,long
381,0.0,173.0,68.0,1.0,skirt,long
382,1.0,165.0,51.0,1.0,skirt,long
383,1.0,157.0,44.0,1.0,skirt,long
384,1.0,160.0,59.0,2.0,skirt,long
385,1.0,172.0,59.0,2.0,skirt,long
386,1.0,153.0,47.0,1.0,skirt,long
387,1.0,167.0,63.0,3.0,skirt,long
388,1.0,166.0,59.0,3.0,skirt,long
389,1.0,159.0,58.0,2.0,skirt,long
390,1.0,165.0,60.0,2.0,skirt,long
391,1.0,162.0,51.0,1.0,skirt,long
392,1.0,164.0,49.0,1.0,skirt,long
393,1.0,160.0,51.0,1.0,skirt,long
394,1.0,166.0,70.0,3.0,skirt,long
395,1.0,167.0,58.0,2.0,skirt,long
396,1.0,158.0,50.0,2.0,skirt,long
397,1.0,163.0,49.0,1.0,skirt,long
398,1.0,166.0,51.0,1.0,skirt,long
399,1.0,163.0,55.0,2.0,skirt,long
400,1.0,160.0,50.0,2.0,skirt,long
401,1.0,162.0,48.0,1.0,skirt,long
402,1.0,165.0,50.0,1.0,skirt,long
403,1.0,158.0,46.0,1.0,skirt,long
404,0.0,172.0,92.0,2.0,skirt,long
405,1.0,153.0,47.0,0.0,skirt,long
406,1.0,155.0,54.0,2.0,skirt,long
407,1.0,161.0,65.0,3.0,skirt,long
408,1.0,157.0,49.0,1.0,skirt,long
409,1.0,166.0,49.0,1.0,skirt,long
410,1.0,168.0,58.0,2.0,skirt,long
411,1.0,160.0,50.0,1.0,skirt,long
412,1.0,159.0,49.0,1.0,skirt,long
413,1.0,160.0,48.0,1.0,skirt,long
414,1.0,158.0,45.0,0.0,skirt,long
415,1.0,167.0,55.0,1.0,skirt,long
416,1.0,162.0,58.0,2.0,skirt,long
417,1.0,159.0,46.0,1.0,skirt,long
418,1.0,162.0,45.0,1.0,skirt,long
419,1.0,166.0,57.0,2.0,skirt,long
420,1.0,165.0,56.0,1.0,skirt,long
421,1.0,158.0,53.0,1.0,skirt,long
422,1.0,160.0,50.0,2.0,skirt,long
423,1.0,155.0,48.0,1.0,skirt,long
424,0.0,160.0,58.0,3.0,skirt,long
425,1.0,162.0,50.0,1.0,skirt,long
426,1.0,166.0,58.0,2.0,skirt,long
427,1.0,158.0,45.0,1.0,skirt,long
428,1.0,165.0,55.0,2.0,skirt,long
429,1.0,165.0,52.0,2.0,skirt,long
430,1.0,157.0,53.0,2.0,skirt,long
431,1.0,170.0,55.0,1.0,skirt,long
432,1.0,158.0,50.0,1.0,skirt,long
433,1.0,167.0,64.0,2.0,skirt,long
434,1.0,162.0,58.0,2.0,skirt,long
435,1.0,158.0,55.0,2.0,skirt,long
436,1.0,167.0,52.0,2.0,skirt,long
437,1.0,157.0,50.0,1.0,skirt,long
438,1.0,159.0,61.0,1.0,skirt,long
439,1.0,150.0,53.0,1.0,skirt,long
440,1.0,165.0,57.0,2.0,skirt,long
441,1.0,171.0,44.0,1.0,skirt,long
442,1.0,160.0,44.0,1.0,skirt,long
443,1.0,163.0,53.0,1.0,skirt,long
444,1.0,158.0,55.0,0.0,skirt,long
445,1.0,158.0,43.0,1.0,skirt,long
446,1.0,167.0,60.0,2.0,skirt,long
447,1.0,168.0,50.0,0.0,skirt,long
448,1.0,168.0,57.0,2.0,skirt,long
449,1.0,160.0,52.0,1.0,skirt,long
450,1.0,160.0,48.0,1.0,skirt,long
451,0.0,160.0,50.0,2.0,skirt,long
452,1.0,161.0,49.0,1.0,skirt,long
453,1.0,158.0,58.0,3.0,skirt,long
454,1.0,162.0,56.0,2.0,skirt,long
455,1.0,167.0,56.0,2.0,skirt,long
456,1.0,162.0,52.0,1.0,skirt,long
457,1.0,167.0,51.0,1.0,skirt,long
458,1.0,170.0,68.0,2.0,skirt,long
459,1.0,166.0,58.0,2.0,skirt,long
460,1.0,160.0,46.0,1.0,skirt,long
461,1.0,164.0,57.0,3.0,skirt,long
462,1.0,168.0,54.0,2.0,skirt,long
463,1.0,163.0,51.0,1.0,skirt,long
464,1.0,153.0,48.0,2.0,skirt,long
465,1.0,161.0,55.0,3.0,skirt,long
466,1.0,162.0,53.0,2.0,skirt,long
467,1.0,166.0,50.0,1.0,skirt,long
468,1.0,165.0,46.0,1.0,skirt,long
469,1.0,162.0,57.0,1.0,skirt,long
470,1.0,163.0,55.0,1.0,skirt,long
471,1.0,167.0,54.0,2.0,skirt,long
472,1.0,158.0,48.0,1.0,skirt,long
473,1.0,160.0,45.0,1.0,skirt,long
474,1.0,164.0,50.0,1.0,skirt,long
475,1.0,167.0,63.0,2.0,skirt,long
476,1.0,168.0,50.0,1.0,skirt,long
477,1.0,161.0,49.0,2.0,skirt,long
478,1.0,173.0,50.0,2.0,skirt,long
479,1.0,160.0,46.0,1.0,skirt,long
480,1.0,158.0,47.0,1.0,skirt,long
481,1.0,173.0,64.0,3.0,skirt,long
482,1.0,169.0,61.0,2.0,skirt,long
483,1.0,161.0,57.0,2.0,skirt,long
484,1.0,158.0,52.0,1.0,skirt,long
485,1.0,162.0,50.0,1.0,skirt,long
486,1.0,170.0,50.0,1.0,skirt,long
487,1.0,170.0,66.0,3.0,skirt,long
488,1.0,170.0,53.0,1.0,skirt,long
489,1.0,167.0,68.0,2.0,skirt,long
490,1.0,165.0,59.0,2.0,skirt,long
491,1.0,160.0,58.0,2.0,skirt,long
492,1.0,158.0,40.0,0.0,skirt,long
493,1.0,153.0,43.0,0.0,skirt,long
494,1.0,170.0,53.0,1.0,skirt,long
495,1.0,160.0,57.0,3.0,skirt,long
496,1.0,160.0,52.0,2.0,skirt,long
497,1.0,153.0,46.0,1.0,skirt,long
498,1.0,160.0,50.0,2.0,skirt,long
499,1.0,161.0,53.0,1.0,skirt,long
500,1.0,155.0,55.0,0.0,skirt,long
501,1.0,160.0,48.0,1.0,skirt,long
502,1.0,160.0,59.0,2.0,skirt,long
503,1.0,165.0,58.0,2.0,skirt,long
504,1.0,158.0,52.0,1.0,skirt,long
505,1.0,162.0,70.0,2.0,skirt,long
506,1.0,161.0,50.0,1.0,skirt,long
507,1.0,172.0,57.0,2.0,skirt,long
508,1.0,163.0,56.0,2.0,skirt,long
509,1.0,150.0,49.0,2.0,skirt,long
510,1.0,158.0,53.0,2.0,skirt,long
511,1.0,161.0,55.0,1.0,skirt,long
512,1.0,163.0,53.0,2.0,skirt,long
513,0.0,172.0,92.0,2.0,skirt,long
514,1.0,166.0,48.0,0.0,skirt,long
515,1.0,162.0,65.0,3.0,skirt,long
516,1.0,160.0,47.0,1.0,skirt,long
517,1.0,163.0,52.0,2.0,skirt,long
518,1.0,166.0,55.0,2.0,skirt,long
519,1.0,162.0,50.0,1.0,skirt,long
520,1.0,160.0,55.0,2.0,skirt,long
521,1.0,168.0,57.0,1.0,skirt,long
522,1.0,164.0,60.0,3.0,skirt,long
523,1.0,160.0,48.0,1.0,skirt,long
524,1.0,161.0,46.0,1.0,skirt,long
525,1.0,163.0,57.0,2.0,skirt,long
526,1.0,160.0,70.0,2.0,skirt,long
527,1.0,158.0,48.0,1.0,skirt,long
528,1.0,163.0,73.0,3.0,skirt,long
529,1.0,170.0,52.0,1.0,skirt,long
530,1.0,156.0,46.0,0.0,skirt,long
531,1.0,166.0,46.0,1.0,skirt,long
532,1.0,160.0,50.0,1.0,skirt,long
533,1.0,156.0,50.0,1.0,skirt,long
534,1.0,167.0,60.0,3.0,skirt,long
535,1.0,160.0,57.0,2.0,skirt,long
536,1.0,158.0,49.0,1.0,skirt,long
537,1.0,155.0,45.0,0.0,skirt,long
538,1.0,161.0,50.0,1.0,skirt,long
539,1.0,168.0,53.0,2.0,skirt,long
540,1.0,170.0,48.0,2.0,skirt,long
541,1.0,170.0,58.0,2.0,skirt,long
542,1.0,159.0,43.0,0.0,skirt,long
543,1.0,164.0,49.0,2.0,skirt,long
544,1.0,160.0,48.0,1.0,skirt,long
545,1.0,160.0,53.0,2.0,skirt,long
546,1.0,163.0,55.0,3.0,skirt,long
547,1.0,163.0,57.0,1.0,skirt,long
548,1.0,165.0,52.0,1.0,skirt,long
549,1.0,174.0,59.0,2.0,skirt,long
550,1.0,160.0,50.0,1.0,skirt,long
551,1.0,167.0,55.0,1.0,skirt,long
552,1.0,156.0,47.0,0.0,skirt,long
553,1.0,159.0,68.0,3.0,skirt,long
554,1.0,162.0,65.0,2.0,skirt,long
555,1.0,158.0,47.0,0.0,skirt,long
556,1.0,160.0,45.0,0.0,skirt,long
557,1.0,166.0,65.0,2.0,skirt,long
558,1.0,160.0,50.0,1.0,skirt,long
559,1.0,158.0,54.0,1.0,skirt,long
560,1.0,165.0,57.0,2.0,skirt,long
561,1.0,167.0,47.0,1.0,skirt,long
562,1.0,162.0,62.0,3.0,skirt,long
563,1.0,178.0,75.0,1.0,skirt,long
564,1.0,167.0,57.0,2.0,skirt,long
565,1.0,160.0,60.0,1.0,skirt,long
566,1.0,160.0,55.0,2.0,skirt,long
567,1.0,158.0,50.0,1.0,skirt,long
568,1.0,155.0,50.0,3.0,skirt,long
569,1.0,155.0,48.0,0.0,skirt,long
570,1.0,155.0,49.0,2.0,skirt,long
571,1.0,153.0,55.0,1.0,skirt,long
572,1.0,165.0,65.0,3.0,skirt,long
573,1.0,159.0,51.0,1.0,skirt,long
574,1.0,158.0,45.0,1.0,skirt,long
575,1.0,163.0,49.0,1.0,skirt,long
576,1.0,159.0,51.0,1.0,skirt,long
577,1.0,177.0,60.0,2.0,skirt,long
578,1.0,160.0,55.0,1.0,skirt,long
579,1.0,163.0,58.0,1.0,skirt,long
580,1.0,167.0,70.0,2.0,skirt,long
581,1.0,157.0,42.0,0.0,skirt,long
582,1.0,157.0,50.0,1.0,skirt,long
583,1.0,163.0,45.0,1.0,skirt,long
584,1.0,160.0,65.0,3.0,skirt,long
585,1.0,165.0,58.0,1.0,skirt,long
586,1.0,162.0,51.0,2.0,skirt,long
587,1.0,168.0,56.0,2.0,skirt,long
588,1.0,172.0,57.0,2.0,skirt,long
589,1.0,169.0,50.0,1.0,skirt,long
590,1.0,165.0,53.0,1.0,skirt,long
591,1.0,155.0,50.0,2.0,skirt,long
592,1.0,161.0,50.0,2.0,skirt,long
593,1.0,163.0,58.0,2.0,skirt,long
594,1.0,162.0,70.0,3.0,skirt,long
595,1.0,169.0,54.0,0.0,skirt,long
596,1.0,165.0,57.0,2.0,skirt,long
597,1.0,162.0,47.0,1.0,skirt,long
598,1.0,163.0,50.0,1.0,skirt,long
599,1.0,153.0,47.0,1.0,skirt,long
600,1.0,155.0,47.0,1.0,skirt,long
601,1.0,172.0,62.0,2.0,skirt,long
602,1.0,167.0,49.0,2.0,skirt,long
603,1.0,160.0,50.0,0.0,skirt,long
604,1.0,175.0,55.0,1.0,skirt,long
605,1.0,158.0,68.0,3.0,skirt,long
606,1.0,157.0,50.0,1.0,skirt,long
607,1.0,166.0,55.0,2.0,skirt,long
608,1.0,168.0,52.0,1.0,skirt,long
609,1.0,164.0,58.0,3.0,skirt,long
610,1.0,163.0,55.0,2.0,skirt,long
611,1.0,166.0,52.0,2.0,skirt,long
612,1.0,164.0,48.0,1.0,skirt,long
613,1.0,161.0,58.0,1.0,skirt,long
614,1.0,160.0,43.0,1.0,skirt,long
615,1.0,152.0,43.0,1.0,skirt,long
616,1.0,150.0,36.0,1.0,skirt,long
617,1.0,159.0,49.0,0.0,skirt,long
618,1.0,169.0,53.0,2.0,skirt,long
619,1.0,165.0,51.0,2.0,skirt,long
620,1.0,160.0,50.0,1.0,skirt,long
621,1.0,160.0,60.0,3.0,skirt,long
622,1.0,160.0,55.0,2.0,skirt,long
623,1.0,160.0,60.0,1.0,skirt,long
624,1.0,168.0,66.0,2.0,skirt,long
625,1.0,163.0,49.0,1.0,skirt,long
626,1.0,156.0,50.0,1.0,skirt,long
627,1.0,153.0,53.0,2.0,skirt,long
628,1.0,158.0,42.0,0.0,skirt,long
629,1.0,156.0,43.0,0.0,skirt,long
630,1.0,167.0,48.0,1.0,skirt,long
631,1.0,158.0,55.0,2.0,skirt,long
632,1.0,161.0,55.0,2.0,skirt,long
633,1.0,173.0,55.0,2.0,skirt,long
634,1.0,153.0,53.0,0.0,skirt,long
635,1.0,160.0,54.0,2.0,skirt,long
636,1.0,163.0,50.0,2.0,skirt,long
637,1.0,164.0,67.0,2.0,skirt,long
638,1.0,163.0,65.0,2.0,skirt,long
639,1.0,160.0,49.0,2.0,skirt,long
640,1.0,158.0,47.0,1.0,skirt,long
641,1.0,165.0,55.0,2.0,skirt,long
642,1.0,172.0,60.0,2.0,skirt,long
643,1.0,165.0,56.0,2.0,skirt,long
644,1.0,156.0,46.0,1.0,skirt,long
645,1.0,161.0,50.0,2.0,skirt,long
646,1.0,169.0,50.0,1.0,skirt,long
647,1.0,174.0,60.0,2.0,skirt,long
648,1.0,162.0,62.0,3.0,skirt,long
649,1.0,162.0,58.0,2.0,skirt,long
650,1.0,170.0,76.0,2.0,skirt,long
651,1.0,162.0,58.0,3.0,skirt,long
652,1.0,166.0,56.0,1.0,skirt,long
653,1.0,168.0,60.0,2.0,skirt,long
654,1.0,166.0,49.0,2.0,skirt,long
655,1.0,164.0,62.0,2.0,skirt,long
656,1.0,168.0,58.0,2.0,skirt,long
657,1.0,165.0,55.0,2.0,skirt,long
658,1.0,162.0,52.0,2.0,skirt,long
659,1.0,163.0,55.0,1.0,skirt,long
660,1.0,164.0,48.0,1.0,skirt,long
661,1.0,169.0,67.0,2.0,skirt,long
662,1.0,163.0,43.0,0.0,skirt,long
663,1.0,159.0,49.0,1.0,skirt,long
664,1.0,160.0,43.0,1.0,skirt,long
665,1.0,165.0,55.0,2.0,skirt,long
666,1.0,157.0,65.0,2.0,skirt,long
667,1.0,164.0,45.0,1.0,skirt,long
668,1.0,175.0,70.0,3.0,skirt,long
669,1.0,165.0,48.0,1.0,skirt,long
670,1.0,163.0,39.0,1.0,skirt,long
671,1.0,155.0,43.0,1.0,skirt,long
672,1.0,161.0,50.0,2.0,skirt,long
673,1.0,168.0,50.0,1.0,skirt,long
674,1.0,168.0,48.0,0.0,skirt,long
675,1.0,160.0,52.0,1.0,skirt,long
676,1.0,164.0,52.0,1.0,skirt,long
677,1.0,162.0,49.0,1.0,skirt,long
678,1.0,160.0,45.0,1.0,skirt,long
679,1.0,155.0,48.0,2.0,skirt,long
680,1.0,167.0,53.0,1.0,skirt,long
681,1.0,162.0,49.0,1.0,skirt,long
682,1.0,160.0,54.0,1.0,skirt,long
683,1.0,166.0,58.0,2.0,skirt,long
684,1.0,167.0,53.0,2.0,skirt,long
685,1.0,167.0,51.0,2.0,skirt,long
686,1.0,158.0,50.0,1.0,skirt,long
687,1.0,168.0,53.0,2.0,skirt,long
688,1.0,163.0,55.0,2.0,skirt,long
689,1.0,171.0,65.0,2.0,skirt,long
690,1.0,160.0,58.0,1.0,skirt,long
691,1.0,160.0,48.0,1.0,skirt,long
692,1.0,170.0,68.0,3.0,skirt,long
693,1.0,166.0,60.0,3.0,skirt,long
694,1.0,157.0,53.0,1.0,skirt,long
695,1.0,171.0,59.0,2.0,skirt,long
696,1.0,164.0,44.0,1.0,skirt,long
697,1.0,162.0,62.0,3.0,skirt,long
698,1.0,164.0,52.0,1.0,skirt,long
699,1.0,168.0,49.0,1.0,skirt,long
700,1.0,158.0,48.0,1.0,skirt,long
701,1.0,158.0,48.0,1.0,skirt,long
702,1.0,163.0,52.0,2.0,skirt,long
703,1.0,164.0,52.0,1.0,skirt,long
704,1.0,167.0,65.0,3.0,skirt,long
705,1.0,165.0,60.0,1.0,skirt,long
706,1.0,166.0,50.0,3.0,skirt,long
707,1.0,160.0,55.0,1.0,skirt,long
708,1.0,162.0,68.0,3.0,skirt,long
709,1.0,160.0,60.0,3.0,skirt,long
710,1.0,163.0,48.0,1.0,skirt,long
711,1.0,166.0,51.0,2.0,skirt,long
712,1.0,160.0,50.0,0.0,skirt,long
713,1.0,158.0,60.0,2.0,skirt,long
714,1.0,165.0,50.0,1.0,skirt,long
715,1.0,160.0,52.0,1.0,skirt,long
716,1.0,166.0,66.0,2.0,skirt,long
717,1.0,153.0,49.0,0.0,skirt,long
718,1.0,160.0,55.0,1.0,skirt,long
719,1.0,164.0,60.0,2.0,skirt,long
720,1.0,168.0,54.0,1.0,skirt,long
721,1.0,157.0,58.0,2.0,skirt,long
722,1.0,152.0,47.0,0.0,skirt,long
723,1.0,168.0,54.0,1.0,skirt,long
724,1.0,163.0,47.0,1.0,skirt,long
725,1.0,174.0,65.0,2.0,skirt,long
726,1.0,165.0,50.0,1.0,skirt,long
727,1.0,167.0,52.0,1.0,skirt,long
728,1.0,163.0,48.0,1.0,skirt,long
729,1.0,157.0,43.0,1.0,skirt,long
730,1.0,159.0,52.0,2.0,skirt,long
731,1.0,160.0,55.0,3.0,skirt,long
732,1.0,167.0,48.0,1.0,skirt,long
733,1.0,161.0,54.0,0.0,skirt,long
734,1.0,163.0,60.0,2.0,skirt,long
735,1.0,163.0,53.0,2.0,skirt,long
736,1.0,167.0,57.0,1.0,skirt,long
737,1.0,163.0,54.0,1.0,skirt,long
738,1.0,165.0,62.0,1.0,skirt,long
739,1.0,163.0,49.0,1.0,skirt,long
740,1.0,168.0,65.0,3.0,skirt,long
741,1.0,167.0,63.0,2.0,skirt,long
742,1.0,163.0,51.0,2.0,skirt,long
743,1.0,163.0,49.0,2.0,skirt,long
744,1.0,158.0,49.0,1.0,skirt,long
745,1.0,162.0,52.0,1.0,skirt,long
746,1.0,163.0,46.0,0.0,skirt,long
747,1.0,163.0,53.0,2.0,skirt,long
748,1.0,166.0,53.0,2.0,skirt,long
749,1.0,155.0,45.0,1.0,skirt,long
750,1.0,158.0,46.0,1.0,skirt,long
751,1.0,153.0,47.0,1.0,skirt,long
752,1.0,169.0,49.0,0.0,skirt,long
753,1.0,165.0,59.0,1.0,skirt,long
754,1.0,165.0,55.0,2.0,skirt,long
755,1.0,155.0,50.0,0.0,skirt,long
756,1.0,161.0,60.0,1.0,skirt,long
757,1.0,156.0,48.0,1.0,skirt,long
758,1.0,167.0,52.0,1.0,skirt,long
759,1.0,171.0,58.0,2.0,skirt,long
760,1.0,170.0,55.0,3.0,skirt,long
761,1.0,166.0,53.0,2.0,skirt,long
762,1.0,165.0,59.0,0.0,skirt,long
763,1.0,153.0,54.0,2.0,skirt,long
764,1.0,166.0,60.0,2.0,skirt,long
765,1.0,161.0,50.0,1.0,skirt,long
766,1.0,173.0,69.0,2.0,skirt,long
767,1.0,158.0,45.0,1.0,skirt,long
768,1.0,167.0,55.0,1.0,skirt,long
769,1.0,153.0,49.0,1.0,skirt,long
770,1.0,158.0,45.0,1.0,skirt,long
771,1.0,164.0,54.0,1.0,skirt,long
772,1.0,160.0,60.0,2.0,skirt,long
773,1.0,158.0,45.0,1.0,skirt,long
774,1.0,156.0,55.0,2.0,skirt,long
775,1.0,160.0,150.0,1.0,skirt,long
776,1.0,167.0,65.0,3.0,skirt,long
777,1.0,158.0,50.0,2.0,skirt,long
778,1.0,161.0,57.0,1.0,skirt,long
779,1.0,161.0,52.0,1.0,skirt,long
780,1.0,177.0,65.0,1.0,skirt,long
781,1.0,162.0,53.0,1.0,skirt,long
782,1.0,166.0,58.0,2.0,skirt,long
783,1.0,165.0,47.0,2.0,skirt,long
784,1.0,158.0,50.0,1.0,skirt,long
785,1.0,163.0,53.0,2.0,skirt,long
786,1.0,165.0,54.0,2.0,skirt,long
787,1.0,164.0,56.0,1.0,skirt,long
788,1.0,163.0,56.0,3.0,skirt,long
789,1.0,158.0,48.0,0.0,skirt,long
790,1.0,162.0,50.0,1.0,skirt,long
791,1.0,161.0,60.0,2.0,skirt,long
792,1.0,164.0,49.0,2.0,skirt,long
793,1.0,162.0,69.0,3.0,skirt,long
794,1.0,163.0,50.0,1.0,skirt,long
795,1.0,163.0,59.0,2.0,skirt,long
796,1.0,157.0,48.0,1.0,skirt,long
797,1.0,163.0,51.0,2.0,skirt,long
798,1.0,160.0,48.0,1.0,skirt,long
799,1.0,158.0,48.0,2.0,skirt,long
800,1.0,161.0,60.0,2.0,skirt,long
801,1.0,168.0,60.0,3.0,skirt,long
802,1.0,158.0,55.0,3.0,skirt,long
803,1.0,168.0,60.0,2.0,skirt,long
804,1.0,162.0,49.0,1.0,skirt,long
805,1.0,168.0,68.0,2.0,skirt,long
806,1.0,173.0,55.0,2.0,skirt,long
807,1.0,159.0,59.0,2.0,skirt,long
808,1.0,158.0,50.0,2.0,skirt,long
809,1.0,158.0,55.0,3.0,skirt,long
810,1.0,177.0,65.0,3.0,skirt,long
811,1.0,155.0,45.0,1.0,skirt,long
812,1.0,164.0,64.0,2.0,skirt,long
813,1.0,158.0,48.0,2.0,skirt,long
814,1.0,164.0,56.0,1.0,skirt,long
815,1.0,170.0,51.0,1.0,skirt,long
816,1.0,156.0,45.0,0.0,skirt,long
817,1.0,168.0,59.0,2.0,skirt,long
818,1.0,165.0,57.0,2.0,skirt,long
819,1.0,158.0,48.0,1.0,skirt,long
820,1.0,152.0,43.0,1.0,skirt,long
821,1.0,161.0,46.0,1.0,skirt,long
822,1.0,160.0,57.0,2.0,skirt,long
823,1.0,170.0,55.0,1.0,skirt,long
824,1.0,173.0,49.0,1.0,skirt,long
825,1.0,152.0,48.0,1.0,skirt,long
826,1.0,173.0,65.0,3.0,skirt,long
827,1.0,161.0,51.0,0.0,skirt,long
828,0.0,180.0,90.0,2.0,skirt,long
829,1.0,153.0,48.0,0.0,skirt,long
830,1.0,166.0,53.0,2.0,skirt,long
831,1.0,164.0,56.0,2.0,skirt,long
832,1.0,173.0,59.0,2.0,skirt,long
833,1.0,166.0,55.0,2.0,skirt,long
834,1.0,168.0,62.0,3.0,skirt,long
835,1.0,166.0,50.0,1.0,skirt,long
836,1.0,163.0,55.0,2.0,skirt,long
837,1.0,167.0,55.0,2.0,skirt,long
838,0.0,173.0,68.0,2.0,skirt,long
839,1.0,161.0,48.0,2.0,skirt,long
840,1.0,168.0,63.0,2.0,skirt,long
841,1.0,158.0,53.0,1.0,skirt,long
842,1.0,160.0,50.0,2.0,skirt,long
843,1.0,172.0,52.0,1.0,skirt,long
844,1.0,170.0,52.0,1.0,skirt,long
845,1.0,153.0,40.0,0.0,skirt,long
846,1.0,168.0,44.0,2.0,skirt,long
847,1.0,168.0,56.0,1.0,skirt,long
848,1.0,158.0,57.0,3.0,skirt,long
849,1.0,160.0,53.0,1.0,skirt,long
850,1.0,160.0,52.0,1.0,skirt,long
851,1.0,167.0,51.0,1.0,skirt,long
852,1.0,156.0,45.0,1.0,skirt,long
853,1.0,155.0,50.0,1.0,skirt,long
854,1.0,159.0,47.0,1.0,skirt,long
855,1.0,167.0,57.0,1.0,skirt,long
856,1.0,161.0,53.0,1.0,skirt,long
857,1.0,164.0,57.0,2.0,skirt,long
858,1.0,155.0,45.0,1.0,skirt,long
859,1.0,156.0,55.0,2.0,skirt,long
860,1.0,160.0,55.0,2.0,skirt,long
861,1.0,160.0,47.0,2.0,skirt,long
862,0.0,161.0,50.0,0.0,skirt,long
863,1.0,168.0,54.0,1.0,skirt,long
864,1.0,159.0,48.0,1.0,skirt,long
865,1.0,169.0,53.0,2.0,skirt,long
866,1.0,169.0,56.0,2.0,skirt,long
867,1.0,159.0,50.0,2.0,skirt,long
868,1.0,162.0,52.0,1.0,skirt,long
869,1.0,168.0,74.0,2.0,skirt,long
870,1.0,165.0,53.0,1.0,skirt,long
871,1.0,160.0,42.0,1.0,skirt,long
872,1.0,163.0,54.0,1.0,skirt,long
873,1.0,168.0,61.0,2.0,skirt,long
874,1.0,178.0,74.0,1.0,skirt,long
875,1.0,175.0,76.0,3.0,skirt,long
876,1.0,164.0,52.0,1.0,skirt,long
877,1.0,160.0,62.0,3.0,skirt,long
878,1.0,160.0,65.0,3.0,skirt,long
879,1.0,162.0,62.0,3.0,skirt,long
880,1.0,164.0,47.0,1.0,skirt,long
881,1.0,148.0,47.0,0.0,skirt,long
882,1.0,154.0,50.0,1.0,skirt,long
883,1.0,162.0,50.0,1.0,skirt,long
0,1.0,153.0,50.0,1.0,skirt,midi
1,1.0,153.0,46.0,2.0,skirt,midi
2,1.0,158.0,48.0,1.0,skirt,midi
3,1.0,163.0,62.0,3.0,skirt,midi
4,1.0,158.0,48.0,1.0,skirt,midi
5,1.0,163.0,49.0,1.0,skirt,midi
6,1.0,169.0,53.0,3.0,skirt,midi
7,1.0,161.0,56.0,2.0,skirt,midi
8,1.0,160.0,50.0,2.0,skirt,midi
9,1.0,172.0,53.0,1.0,skirt,midi
10,1.0,170.0,65.0,2.0,skirt,midi
11,0.0,170.0,72.0,0.0,skirt,midi
12,1.0,164.0,60.0,2.0,skirt,midi
13,1.0,169.0,57.0,2.0,skirt,midi
14,1.0,164.0,57.0,2.0,skirt,midi
15,1.0,162.0,65.0,3.0,skirt,midi
16,1.0,158.0,45.0,1.0,skirt,midi
17,1.0,165.0,49.0,1.0,skirt,midi
18,1.0,152.0,54.0,1.0,skirt,midi
19,1.0,163.0,49.0,1.0,skirt,midi
20,1.0,166.0,50.0,1.0,skirt,midi
21,1.0,155.0,48.0,0.0,skirt,midi
22,1.0,160.0,43.0,0.0,skirt,midi
23,1.0,156.0,62.0,2.0,skirt,midi
24,1.0,160.0,60.0,1.0,skirt,midi
25,1.0,167.0,67.0,3.0,skirt,midi
26,1.0,166.0,53.0,2.0,skirt,midi
27,1.0,158.0,52.0,1.0,skirt,midi
28,0.0,173.0,69.0,3.0,skirt,midi
29,1.0,159.0,59.0,3.0,skirt,midi
30,1.0,158.0,43.0,0.0,skirt,midi
31,1.0,158.0,48.0,1.0,skirt,midi
32,1.0,163.0,50.0,2.0,skirt,midi
33,1.0,150.0,50.0,1.0,skirt,midi
34,1.0,160.0,51.0,0.0,skirt,midi
35,1.0,163.0,63.0,3.0,skirt,midi
36,1.0,160.0,43.0,1.0,skirt,midi
37,1.0,160.0,99.0,2.0,skirt,midi
38,1.0,170.0,49.0,1.0,skirt,midi
39,1.0,167.0,70.0,3.0,skirt,midi
40,1.0,160.0,57.0,0.0,skirt,midi
41,1.0,164.0,53.0,1.0,skirt,midi
42,1.0,158.0,63.0,3.0,skirt,midi
43,1.0,153.0,42.0,0.0,skirt,midi
44,1.0,160.0,45.0,0.0,skirt,midi
45,1.0,153.0,43.0,0.0,skirt,midi
46,1.0,160.0,45.0,1.0,skirt,midi
47,1.0,157.0,48.0,2.0,skirt,midi
48,1.0,163.0,53.0,2.0,skirt,midi
49,1.0,158.0,53.0,2.0,skirt,midi
50,1.0,164.0,49.0,1.0,skirt,midi
51,1.0,162.0,55.0,2.0,skirt,midi
52,1.0,161.0,55.0,2.0,skirt,midi
53,1.0,167.0,55.0,3.0,skirt,midi
54,1.0,157.0,44.0,1.0,skirt,midi
55,1.0,159.0,52.0,1.0,skirt,midi
56,1.0,158.0,55.0,2.0,skirt,midi
57,1.0,157.0,51.0,1.0,skirt,midi
58,1.0,160.0,45.0,0.0,skirt,midi
59,1.0,155.0,50.0,1.0,skirt,midi
60,1.0,168.0,59.0,3.0,skirt,midi
61,0.0,170.0,55.0,2.0,skirt,midi
62,1.0,153.0,41.0,0.0,skirt,midi
63,1.0,162.0,47.0,1.0,skirt,midi
64,1.0,160.0,50.0,3.0,skirt,midi
65,1.0,166.0,57.0,2.0,skirt,midi
66,1.0,168.0,50.0,2.0,skirt,midi
67,1.0,167.0,55.0,2.0,skirt,midi
68,1.0,162.0,50.0,2.0,skirt,midi
69,1.0,164.0,52.0,2.0,skirt,midi
70,1.0,162.0,58.0,1.0,skirt,midi
71,1.0,160.0,47.0,1.0,skirt,midi
72,1.0,156.0,48.0,0.0,skirt,midi
73,1.0,158.0,49.0,1.0,skirt,midi
74,1.0,159.0,55.0,1.0,skirt,midi
75,1.0,164.0,57.0,2.0,skirt,midi
76,1.0,167.0,51.0,0.0,skirt,midi
77,1.0,158.0,40.0,0.0,skirt,midi
78,1.0,170.0,68.0,3.0,skirt,midi
79,1.0,166.0,52.0,1.0,skirt,midi
80,1.0,152.0,67.0,3.0,skirt,midi
81,1.0,163.0,50.0,1.0,skirt,midi
82,1.0,158.0,47.0,1.0,skirt,midi
83,1.0,155.0,45.0,0.0,skirt,midi
84,1.0,162.0,48.0,1.0,skirt,midi
85,1.0,164.0,54.0,2.0,skirt,midi
86,1.0,158.0,47.0,1.0,skirt,midi
87,1.0,164.0,53.0,2.0,skirt,midi
88,1.0,166.0,58.0,2.0,skirt,midi
89,1.0,166.0,52.0,2.0,skirt,midi
90,1.0,168.0,65.0,3.0,skirt,midi
91,1.0,164.0,60.0,1.0,skirt,midi
92,1.0,165.0,60.0,2.0,skirt,midi
93,1.0,164.0,50.0,2.0,skirt,midi
94,1.0,164.0,51.0,1.0,skirt,midi
95,1.0,170.0,52.0,1.0,skirt,midi
96,1.0,165.0,55.0,2.0,skirt,midi
97,1.0,160.0,50.0,1.0,skirt,midi
98,1.0,162.0,62.0,2.0,skirt,midi
99,1.0,162.0,49.0,1.0,skirt,midi
100,1.0,160.0,55.0,2.0,skirt,midi
101,1.0,163.0,47.0,1.0,skirt,midi
102,1.0,155.0,50.0,2.0,skirt,midi
103,1.0,158.0,48.0,1.0,skirt,midi
104,1.0,160.0,70.0,3.0,skirt,midi
105,1.0,168.0,57.0,2.0,skirt,midi
106,1.0,167.0,52.0,2.0,skirt,midi
107,1.0,158.0,45.0,1.0,skirt,midi
108,1.0,155.0,47.0,1.0,skirt,midi
109,1.0,160.0,55.0,2.0,skirt,midi
110,1.0,160.0,52.0,2.0,skirt,midi
111,1.0,158.0,55.0,2.0,skirt,midi
112,0.0,174.0,84.0,3.0,skirt,midi
113,1.0,160.0,48.0,1.0,skirt,midi
114,1.0,160.0,50.0,2.0,skirt,midi
115,1.0,163.0,51.0,1.0,skirt,midi
116,1.0,158.0,53.0,1.0,skirt,midi
117,1.0,164.0,56.0,2.0,skirt,midi
118,1.0,155.0,35.0,0.0,skirt,midi
119,1.0,151.0,50.0,1.0,skirt,midi
120,1.0,158.0,55.0,2.0,skirt,midi
121,1.0,157.0,50.0,1.0,skirt,midi
122,1.0,167.0,60.0,2.0,skirt,midi
123,1.0,172.0,57.0,2.0,skirt,midi
124,1.0,156.0,49.0,2.0,skirt,midi
125,1.0,170.0,60.0,3.0,skirt,midi
126,1.0,158.0,53.0,1.0,skirt,midi
127,1.0,170.0,52.0,2.0,skirt,midi
128,1.0,156.0,52.0,1.0,skirt,midi
129,1.0,165.0,55.0,1.0,skirt,midi
130,0.0,172.0,59.0,2.0,skirt,midi
131,1.0,163.0,55.0,2.0,skirt,midi
132,1.0,157.0,50.0,1.0,skirt,midi
133,1.0,164.0,46.0,0.0,skirt,midi
134,1.0,165.0,53.0,2.0,skirt,midi
135,1.0,166.0,68.0,2.0,skirt,midi
136,1.0,161.0,57.0,2.0,skirt,midi
137,1.0,160.0,52.0,2.0,skirt,midi
138,1.0,166.0,57.0,2.0,skirt,midi
139,1.0,151.0,41.0,0.0,skirt,midi
140,1.0,170.0,61.0,2.0,skirt,midi
141,1.0,158.0,55.0,2.0,skirt,midi
142,1.0,160.0,52.0,1.0,skirt,midi
143,1.0,158.0,48.0,1.0,skirt,midi
144,1.0,163.0,48.0,1.0,skirt,midi
145,1.0,165.0,52.0,2.0,skirt,midi
146,0.0,173.0,88.0,3.0,skirt,midi
147,1.0,157.0,46.0,0.0,skirt,midi
148,1.0,160.0,55.0,2.0,skirt,midi
149,1.0,175.0,69.0,2.0,skirt,midi
150,1.0,167.0,50.0,2.0,skirt,midi
151,1.0,164.0,53.0,1.0,skirt,midi
152,1.0,158.0,47.0,0.0,skirt,midi
153,1.0,164.0,54.0,1.0,skirt,midi
154,1.0,163.0,57.0,1.0,skirt,midi
155,1.0,154.0,50.0,1.0,skirt,midi
156,1.0,170.0,65.0,3.0,skirt,midi
157,1.0,164.0,60.0,2.0,skirt,midi
158,1.0,159.0,48.0,1.0,skirt,midi
159,1.0,164.0,64.0,3.0,skirt,midi
160,1.0,173.0,65.0,3.0,skirt,midi
161,1.0,160.0,42.0,1.0,skirt,midi
162,1.0,162.0,49.0,0.0,skirt,midi
163,1.0,174.0,60.0,3.0,skirt,midi
164,1.0,163.0,48.0,0.0,skirt,midi
165,1.0,166.0,45.0,1.0,skirt,midi
166,1.0,152.0,47.0,1.0,skirt,midi
167,1.0,163.0,55.0,2.0,skirt,midi
168,1.0,166.0,44.0,1.0,skirt,midi
169,1.0,157.0,50.0,3.0,skirt,midi
170,1.0,168.0,63.0,3.0,skirt,midi
171,1.0,165.0,45.0,0.0,skirt,midi
172,1.0,168.0,57.0,2.0,skirt,midi
173,1.0,167.0,59.0,2.0,skirt,midi
174,1.0,160.0,68.0,3.0,skirt,midi
175,1.0,165.0,70.0,3.0,skirt,midi
176,1.0,163.0,52.0,2.0,skirt,midi
177,1.0,160.0,57.0,2.0,skirt,midi
178,1.0,167.0,52.0,1.0,skirt,midi
179,1.0,160.0,60.0,2.0,skirt,midi
180,1.0,160.0,50.0,2.0,skirt,midi
181,1.0,160.0,56.0,3.0,skirt,midi
182,1.0,160.0,46.0,0.0,skirt,midi
183,1.0,162.0,52.0,1.0,skirt,midi
184,1.0,165.0,53.0,2.0,skirt,midi
185,1.0,158.0,50.0,2.0,skirt,midi
186,1.0,164.0,63.0,3.0,skirt,midi
187,1.0,168.0,65.0,2.0,skirt,midi
188,1.0,154.0,53.0,2.0,skirt,midi
189,1.0,161.0,48.0,0.0,skirt,midi
190,1.0,169.0,58.0,3.0,skirt,midi
191,1.0,159.0,46.0,1.0,skirt,midi
192,1.0,163.0,46.0,1.0,skirt,midi
193,1.0,167.0,48.0,1.0,skirt,midi
194,1.0,170.0,63.0,3.0,skirt,midi
195,1.0,158.0,50.0,1.0,skirt,midi
196,1.0,165.0,60.0,3.0,skirt,midi
197,1.0,176.0,69.0,3.0,skirt,midi
198,1.0,169.0,59.0,2.0,skirt,midi
199,1.0,171.0,53.0,2.0,skirt,midi
200,1.0,160.0,53.0,1.0,skirt,midi
201,1.0,167.0,48.0,2.0,skirt,midi
202,1.0,158.0,57.0,2.0,skirt,midi
203,1.0,167.0,53.0,2.0,skirt,midi
204,1.0,168.0,58.0,3.0,skirt,midi
205,1.0,155.0,48.0,1.0,skirt,midi
206,1.0,168.0,53.0,2.0,skirt,midi
207,1.0,160.0,55.0,3.0,skirt,midi
208,1.0,159.0,52.0,1.0,skirt,midi
209,1.0,163.0,62.0,2.0,skirt,midi
210,1.0,165.0,47.0,1.0,skirt,midi
211,1.0,164.0,54.0,1.0,skirt,midi
212,1.0,163.0,56.0,3.0,skirt,midi
213,1.0,161.0,57.0,2.0,skirt,midi
214,1.0,165.0,51.0,0.0,skirt,midi
215,1.0,160.0,44.0,1.0,skirt,midi
216,1.0,155.0,48.0,2.0,skirt,midi
217,1.0,166.0,65.0,2.0,skirt,midi
218,1.0,162.0,63.0,2.0,skirt,midi
219,1.0,155.0,60.0,3.0,skirt,midi
220,1.0,170.0,55.0,1.0,skirt,midi
221,1.0,165.0,45.0,0.0,skirt,midi
222,0.0,175.0,78.0,1.0,skirt,midi
223,1.0,163.0,50.0,1.0,skirt,midi
224,1.0,162.0,44.0,0.0,skirt,midi
225,1.0,165.0,55.0,2.0,skirt,midi
226,1.0,161.0,50.0,3.0,skirt,midi
227,1.0,157.0,42.0,0.0,skirt,midi
228,1.0,155.0,46.0,1.0,skirt,midi
229,1.0,166.0,50.0,0.0,skirt,midi
230,1.0,166.0,59.0,3.0,skirt,midi
231,1.0,161.0,52.0,2.0,skirt,midi
232,0.0,170.0,70.0,2.0,skirt,midi
233,1.0,166.0,63.0,2.0,skirt,midi
234,1.0,165.0,57.0,2.0,skirt,midi
235,1.0,154.0,50.0,1.0,skirt,midi
236,1.0,163.0,43.0,0.0,skirt,midi
237,1.0,160.0,48.0,1.0,skirt,midi
238,1.0,153.0,48.0,1.0,skirt,midi
239,1.0,166.0,57.0,2.0,skirt,midi
240,1.0,165.0,55.0,2.0,skirt,midi
241,1.0,155.0,68.0,2.0,skirt,midi
242,1.0,163.0,47.0,1.0,skirt,midi
243,1.0,154.0,43.0,0.0,skirt,midi
244,1.0,160.0,50.0,1.0,skirt,midi
245,1.0,164.0,51.0,1.0,skirt,midi
246,1.0,162.0,47.0,1.0,skirt,midi
247,1.0,162.0,66.0,3.0,skirt,midi
248,1.0,166.0,47.0,1.0,skirt,midi
249,1.0,161.0,47.0,1.0,skirt,midi
250,1.0,165.0,62.0,2.0,skirt,midi
251,1.0,162.0,57.0,1.0,skirt,midi
252,1.0,166.0,55.0,2.0,skirt,midi
253,1.0,153.0,53.0,1.0,skirt,midi
254,1.0,164.0,52.0,2.0,skirt,midi
255,1.0,157.0,44.0,0.0,skirt,midi
256,1.0,158.0,54.0,2.0,skirt,midi
257,1.0,160.0,45.0,0.0,skirt,midi
258,1.0,175.0,62.0,2.0,skirt,midi
259,1.0,175.0,60.0,3.0,skirt,midi
260,1.0,164.0,52.0,2.0,skirt,midi
261,1.0,172.0,53.0,1.0,skirt,midi
262,1.0,164.0,57.0,2.0,skirt,midi
263,1.0,165.0,52.0,2.0,skirt,midi
264,1.0,165.0,58.0,3.0,skirt,midi
265,1.0,161.0,50.0,2.0,skirt,midi
266,1.0,160.0,52.0,2.0,skirt,midi
267,1.0,162.0,57.0,2.0,skirt,midi
268,1.0,165.0,55.0,2.0,skirt,midi
269,1.0,161.0,62.0,2.0,skirt,midi
270,1.0,158.0,61.0,3.0,skirt,midi
271,1.0,167.0,53.0,2.0,skirt,midi
272,1.0,168.0,56.0,2.0,skirt,midi
273,1.0,164.0,50.0,1.0,skirt,midi
274,1.0,167.0,51.0,0.0,skirt,midi
275,1.0,155.0,45.0,0.0,skirt,midi
276,1.0,157.0,54.0,2.0,skirt,midi
277,1.0,158.0,48.0,1.0,skirt,midi
278,1.0,170.0,57.0,2.0,skirt,midi
279,1.0,164.0,50.0,1.0,skirt,midi
280,1.0,160.0,45.0,1.0,skirt,midi
281,1.0,173.0,60.0,3.0,skirt,midi
282,0.0,174.0,84.0,3.0,skirt,midi
283,1.0,158.0,48.0,1.0,skirt,midi
284,1.0,168.0,66.0,3.0,skirt,midi
285,1.0,155.0,50.0,2.0,skirt,midi
286,1.0,169.0,48.0,1.0,skirt,midi
287,1.0,165.0,51.0,1.0,skirt,midi
288,1.0,166.0,58.0,2.0,skirt,midi
289,1.0,165.0,53.0,2.0,skirt,midi
290,1.0,163.0,48.0,2.0,skirt,midi
291,1.0,161.0,52.0,1.0,skirt,midi
292,1.0,162.0,50.0,1.0,skirt,midi
293,1.0,164.0,61.0,2.0,skirt,midi
294,1.0,156.0,45.0,0.0,skirt,midi
295,1.0,171.0,73.0,3.0,skirt,midi
296,1.0,161.0,49.0,1.0,skirt,midi
297,1.0,162.0,45.0,1.0,skirt,midi
298,1.0,168.0,58.0,3.0,skirt,midi
299,1.0,159.0,50.0,1.0,skirt,midi
300,1.0,163.0,55.0,2.0,skirt,midi
301,1.0,153.0,55.0,3.0,skirt,midi
302,1.0,165.0,54.0,2.0,skirt,midi
303,1.0,167.0,70.0,3.0,skirt,midi
304,1.0,162.0,50.0,1.0,skirt,midi
305,1.0,169.0,63.0,3.0,skirt,midi
306,1.0,168.0,55.0,2.0,skirt,midi
307,1.0,158.0,47.0,1.0,skirt,midi
308,1.0,166.0,51.0,2.0,skirt,midi
309,1.0,167.0,52.0,1.0,skirt,midi
310,1.0,168.0,50.0,1.0,skirt,midi
311,1.0,165.0,57.0,2.0,skirt,midi
312,1.0,163.0,48.0,1.0,skirt,midi
313,1.0,168.0,55.0,2.0,skirt,midi
314,1.0,163.0,50.0,1.0,skirt,midi
315,1.0,166.0,52.0,1.0,skirt,midi
316,1.0,171.0,52.0,1.0,skirt,midi
317,1.0,156.0,62.0,2.0,skirt,midi
318,1.0,158.0,48.0,1.0,skirt,midi
319,1.0,167.0,55.0,2.0,skirt,midi
320,1.0,158.0,53.0,1.0,skirt,midi
321,1.0,167.0,55.0,3.0,skirt,midi
322,1.0,162.0,70.0,3.0,skirt,midi
323,1.0,160.0,48.0,1.0,skirt,midi
324,1.0,163.0,44.0,0.0,skirt,midi
325,1.0,159.0,49.0,1.0,skirt,midi
326,1.0,165.0,62.0,3.0,skirt,midi
327,1.0,158.0,50.0,1.0,skirt,midi
328,1.0,168.0,52.0,1.0,skirt,midi
329,1.0,161.0,55.0,2.0,skirt,midi
330,1.0,163.0,48.0,1.0,skirt,midi
331,1.0,166.0,55.0,1.0,skirt,midi
332,1.0,168.0,56.0,2.0,skirt,midi
333,1.0,160.0,50.0,1.0,skirt,midi
334,1.0,168.0,65.0,3.0,skirt,midi
335,1.0,170.0,66.0,3.0,skirt,midi
336,1.0,160.0,52.0,1.0,skirt,midi
337,1.0,170.0,54.0,2.0,skirt,midi
338,1.0,162.0,50.0,1.0,skirt,midi
339,1.0,157.0,50.0,1.0,skirt,midi
340,1.0,163.0,47.0,1.0,skirt,midi
341,1.0,161.0,51.0,1.0,skirt,midi
342,1.0,156.0,46.0,2.0,skirt,midi
343,1.0,160.0,47.0,1.0,skirt,midi
344,1.0,157.0,60.0,3.0,skirt,midi
345,1.0,164.0,63.0,3.0,skirt,midi
346,1.0,171.0,70.0,3.0,skirt,midi
347,1.0,159.0,42.0,1.0,skirt,midi
348,1.0,158.0,47.0,0.0,skirt,midi
349,1.0,168.0,50.0,1.0,skirt,midi
350,1.0,169.0,62.0,2.0,skirt,midi
351,1.0,163.0,52.0,1.0,skirt,midi
352,1.0,160.0,51.0,2.0,skirt,midi
353,1.0,158.0,51.0,2.0,skirt,midi
354,1.0,170.0,70.0,3.0,skirt,midi
355,1.0,171.0,75.0,3.0,skirt,midi
356,1.0,165.0,50.0,1.0,skirt,midi
357,1.0,166.0,65.0,3.0,skirt,midi
358,1.0,159.0,56.0,2.0,skirt,midi
359,1.0,161.0,56.0,1.0,skirt,midi
360,1.0,155.0,45.0,1.0,skirt,midi
361,1.0,165.0,54.0,1.0,skirt,midi
362,1.0,168.0,54.0,1.0,skirt,midi
363,1.0,163.0,53.0,2.0,skirt,midi
364,1.0,158.0,58.0,2.0,skirt,midi
365,1.0,157.0,46.0,0.0,skirt,midi
366,1.0,152.0,39.0,1.0,skirt,midi
367,1.0,162.0,52.0,1.0,skirt,midi
368,1.0,159.0,47.0,1.0,skirt,midi
369,1.0,166.0,60.0,2.0,skirt,midi
370,1.0,166.0,62.0,2.0,skirt,midi
371,1.0,168.0,56.0,2.0,skirt,midi
372,1.0,162.0,50.0,1.0,skirt,midi
373,1.0,170.0,60.0,2.0,skirt,midi
374,1.0,158.0,60.0,2.0,skirt,midi
375,1.0,166.0,61.0,1.0,skirt,midi
376,1.0,163.0,51.0,1.0,skirt,midi
377,1.0,157.0,50.0,1.0,skirt,midi
378,1.0,168.0,65.0,3.0,skirt,midi
379,0.0,163.0,53.0,2.0,skirt,midi
380,1.0,169.0,60.0,2.0,skirt,midi
381,1.0,160.0,51.0,1.0,skirt,midi
382,1.0,168.0,57.0,2.0,skirt,midi
383,1.0,165.0,50.0,1.0,skirt,midi
384,1.0,166.0,47.0,1.0,skirt,midi
385,1.0,162.0,50.0,2.0,skirt,midi
386,1.0,155.0,43.0,1.0,skirt,midi
387,1.0,155.0,49.0,1.0,skirt,midi
388,1.0,157.0,44.0,1.0,skirt,midi
389,1.0,163.0,55.0,2.0,skirt,midi
390,1.0,172.0,49.0,1.0,skirt,midi
391,1.0,168.0,58.0,2.0,skirt,midi
392,1.0,161.0,66.0,3.0,skirt,midi
393,1.0,160.0,58.0,2.0,skirt,midi
394,1.0,168.0,63.0,3.0,skirt,midi
395,0.0,183.0,70.0,2.0,skirt,midi
396,1.0,171.0,54.0,1.0,skirt,midi
397,1.0,167.0,60.0,0.0,skirt,midi
398,1.0,161.0,54.0,2.0,skirt,midi
399,1.0,160.0,55.0,2.0,skirt,midi
400,1.0,165.0,68.0,3.0,skirt,midi
401,1.0,173.0,60.0,3.0,skirt,midi
402,0.0,173.0,81.0,3.0,skirt,midi
403,1.0,158.0,47.0,2.0,skirt,midi
404,1.0,157.0,54.0,1.0,skirt,midi
405,1.0,170.0,66.0,3.0,skirt,midi
406,1.0,163.0,48.0,1.0,skirt,midi
407,1.0,161.0,45.0,0.0,skirt,midi
408,1.0,164.0,53.0,2.0,skirt,midi
409,1.0,158.0,45.0,1.0,skirt,midi
410,1.0,158.0,50.0,1.0,skirt,midi
411,1.0,165.0,45.0,0.0,skirt,midi
412,1.0,172.0,61.0,3.0,skirt,midi
413,1.0,164.0,48.0,1.0,skirt,midi
414,1.0,160.0,60.0,2.0,skirt,midi
415,1.0,162.0,58.0,3.0,skirt,midi
416,1.0,162.0,55.0,3.0,skirt,midi
417,1.0,161.0,49.0,1.0,skirt,midi
418,1.0,163.0,48.0,1.0,skirt,midi
419,1.0,158.0,39.0,0.0,skirt,midi
420,1.0,168.0,52.0,1.0,skirt,midi
421,1.0,155.0,47.0,0.0,skirt,midi
422,1.0,163.0,53.0,3.0,skirt,midi
423,1.0,167.0,52.0,1.0,skirt,midi
424,1.0,168.0,58.0,3.0,skirt,midi
425,1.0,163.0,52.0,1.0,skirt,midi
426,1.0,160.0,43.0,1.0,skirt,midi
427,1.0,160.0,55.0,2.0,skirt,midi
428,1.0,160.0,49.0,1.0,skirt,midi
429,1.0,166.0,49.0,1.0,skirt,midi
430,1.0,165.0,51.0,1.0,skirt,midi
431,1.0,164.0,55.0,2.0,skirt,midi
432,1.0,172.0,62.0,1.0,skirt,midi
433,1.0,160.0,56.0,3.0,skirt,midi
434,1.0,167.0,53.0,2.0,skirt,midi
435,1.0,168.0,52.0,2.0,skirt,midi
436,1.0,169.0,54.0,2.0,skirt,midi
437,1.0,155.0,69.0,3.0,skirt,midi
438,1.0,163.0,53.0,1.0,skirt,midi
439,1.0,155.0,41.0,0.0,skirt,midi
440,1.0,160.0,51.0,1.0,skirt,midi
441,1.0,161.0,58.0,2.0,skirt,midi
442,1.0,161.0,48.0,0.0,skirt,midi
443,1.0,165.0,62.0,3.0,skirt,midi
444,1.0,169.0,48.0,1.0,skirt,midi
445,1.0,168.0,55.0,1.0,skirt,midi
446,1.0,169.0,57.0,2.0,skirt,midi
447,1.0,166.0,55.0,2.0,skirt,midi
448,1.0,155.0,47.0,0.0,skirt,midi
449,1.0,160.0,50.0,1.0,skirt,midi
450,1.0,164.0,55.0,2.0,skirt,midi
451,1.0,167.0,65.0,3.0,skirt,midi
452,1.0,161.0,48.0,1.0,skirt,midi
453,1.0,169.0,60.0,3.0,skirt,midi
454,1.0,160.0,50.0,1.0,skirt,midi
455,1.0,167.0,68.0,3.0,skirt,midi
456,1.0,160.0,99.0,3.0,skirt,midi
457,1.0,168.0,55.0,2.0,skirt,midi
458,1.0,155.0,48.0,1.0,skirt,midi
459,1.0,159.0,55.0,2.0,skirt,midi
460,1.0,165.0,49.0,1.0,skirt,midi
461,1.0,170.0,58.0,1.0,skirt,midi
462,1.0,173.0,66.0,3.0,skirt,midi
463,1.0,166.0,53.0,2.0,skirt,midi
464,1.0,166.0,60.0,2.0,skirt,midi
465,1.0,152.0,47.0,1.0,skirt,midi
466,1.0,165.0,45.0,1.0,skirt,midi
467,1.0,164.0,62.0,2.0,skirt,midi
468,1.0,162.0,54.0,1.0,skirt,midi
469,1.0,173.0,60.0,2.0,skirt,midi
470,1.0,165.0,50.0,1.0,skirt,midi
471,1.0,155.0,43.0,0.0,skirt,midi
472,1.0,162.0,48.0,0.0,skirt,midi
473,1.0,160.0,59.0,2.0,skirt,midi
474,1.0,168.0,63.0,3.0,skirt,midi
475,1.0,171.0,60.0,3.0,skirt,midi
476,1.0,156.0,43.0,1.0,skirt,midi
477,1.0,158.0,39.0,0.0,skirt,midi
478,1.0,170.0,50.0,1.0,skirt,midi
479,1.0,166.0,53.0,2.0,skirt,midi
480,1.0,163.0,48.0,1.0,skirt,midi
481,1.0,176.0,90.0,3.0,skirt,midi
482,1.0,162.0,49.0,1.0,skirt,midi
483,0.0,172.0,58.0,2.0,skirt,midi
484,0.0,175.0,61.0,2.0,skirt,midi
485,1.0,152.0,42.0,1.0,skirt,midi
486,1.0,156.0,50.0,2.0,skirt,midi
487,1.0,163.0,46.0,1.0,skirt,midi
488,1.0,160.0,52.0,1.0,skirt,midi
489,1.0,164.0,55.0,2.0,skirt,midi
490,1.0,163.0,54.0,2.0,skirt,midi
491,1.0,163.0,53.0,1.0,skirt,midi
492,0.0,180.0,110.0,0.0,skirt,midi
493,1.0,164.0,44.0,1.0,skirt,midi
494,1.0,164.0,60.0,3.0,skirt,midi
495,1.0,165.0,53.0,2.0,skirt,midi
496,1.0,154.0,47.0,0.0,skirt,midi
497,1.0,161.0,52.0,1.0,skirt,midi
498,1.0,164.0,66.0,3.0,skirt,midi
499,1.0,166.0,53.0,1.0,skirt,midi
500,1.0,168.0,66.0,3.0,skirt,midi
501,1.0,172.0,70.0,3.0,skirt,midi
502,1.0,168.0,57.0,3.0,skirt,midi
503,1.0,162.0,50.0,1.0,skirt,midi
504,1.0,158.0,48.0,1.0,skirt,midi
505,1.0,160.0,50.0,1.0,skirt,midi
506,1.0,158.0,46.0,1.0,skirt,midi
507,0.0,180.0,76.0,3.0,skirt,midi
508,1.0,158.0,49.0,1.0,skirt,midi
509,1.0,161.0,50.0,2.0,skirt,midi
510,0.0,180.0,110.0,0.0,skirt,midi
511,1.0,167.0,53.0,2.0,skirt,midi
512,1.0,168.0,53.0,1.0,skirt,midi
513,1.0,158.0,45.0,0.0,skirt,midi
514,1.0,160.0,52.0,1.0,skirt,midi
515,1.0,160.0,50.0,1.0,skirt,midi
516,1.0,158.0,48.0,1.0,skirt,midi
517,1.0,164.0,54.0,2.0,skirt,midi
518,1.0,167.0,51.0,0.0,skirt,midi
519,1.0,163.0,56.0,3.0,skirt,midi
520,1.0,170.0,58.0,2.0,skirt,midi
521,1.0,168.0,50.0,1.0,skirt,midi
522,1.0,157.0,46.0,0.0,skirt,midi
523,1.0,168.0,68.0,3.0,skirt,midi
524,1.0,165.0,52.0,2.0,skirt,midi
525,1.0,159.0,50.0,1.0,skirt,midi
526,1.0,158.0,48.0,1.0,skirt,midi
527,1.0,165.0,52.0,1.0,skirt,midi
528,1.0,164.0,57.0,2.0,skirt,midi
529,1.0,157.0,47.0,1.0,skirt,midi
530,1.0,171.0,56.0,2.0,skirt,midi
531,1.0,168.0,52.0,1.0,skirt,midi
532,1.0,162.0,57.0,2.0,skirt,midi
533,1.0,164.0,54.0,1.0,skirt,midi
534,1.0,168.0,60.0,2.0,skirt,midi
535,1.0,172.0,58.0,2.0,skirt,midi
536,1.0,168.0,58.0,3.0,skirt,midi
537,1.0,161.0,50.0,1.0,skirt,midi
538,1.0,160.0,51.0,1.0,skirt,midi
539,1.0,169.0,58.0,2.0,skirt,midi
540,1.0,168.0,60.0,3.0,skirt,midi
541,1.0,164.0,49.0,1.0,skirt,midi
542,1.0,165.0,65.0,3.0,skirt,midi
543,1.0,160.0,48.0,1.0,skirt,midi
544,0.0,178.0,73.0,1.0,skirt,midi
545,1.0,162.0,65.0,2.0,skirt,midi
546,1.0,169.0,49.0,1.0,skirt,midi
547,1.0,173.0,59.0,2.0,skirt,midi
548,1.0,158.0,47.0,0.0,skirt,midi
549,1.0,160.0,43.0,0.0,skirt,midi
550,1.0,172.0,67.0,3.0,skirt,midi
551,1.0,157.0,54.0,2.0,skirt,midi
552,1.0,150.0,47.0,1.0,skirt,midi
553,1.0,153.0,42.0,0.0,skirt,midi
554,1.0,161.0,53.0,1.0,skirt,midi
555,1.0,154.0,46.0,0.0,skirt,midi
556,1.0,166.0,50.0,1.0,skirt,midi
557,1.0,165.0,55.0,2.0,skirt,midi
558,1.0,158.0,45.0,1.0,skirt,midi
559,0.0,168.0,48.0,1.0,skirt,midi
560,1.0,155.0,43.0,1.0,skirt,midi
561,1.0,167.0,62.0,2.0,skirt,midi
562,1.0,158.0,45.0,0.0,skirt,midi
563,1.0,164.0,45.0,0.0,skirt,midi
564,1.0,160.0,55.0,2.0,skirt,midi
565,1.0,161.0,50.0,2.0,skirt,midi
566,1.0,160.0,48.0,2.0,skirt,midi
567,1.0,160.0,50.0,1.0,skirt,midi
568,1.0,160.0,50.0,1.0,skirt,midi
569,1.0,161.0,58.0,2.0,skirt,midi
570,1.0,158.0,58.0,2.0,skirt,midi
571,1.0,160.0,53.0,2.0,skirt,midi
572,1.0,163.0,48.0,1.0,skirt,midi
573,1.0,168.0,55.0,2.0,skirt,midi
574,1.0,162.0,43.0,0.0,skirt,midi
575,1.0,175.0,59.0,2.0,skirt,midi
576,1.0,157.0,56.0,3.0,skirt,midi
577,1.0,164.0,50.0,2.0,skirt,midi
578,1.0,163.0,41.0,0.0,skirt,midi
579,1.0,158.0,48.0,1.0,skirt,midi
580,1.0,170.0,67.0,3.0,skirt,midi
581,1.0,168.0,63.0,2.0,skirt,midi
582,1.0,164.0,54.0,2.0,skirt,midi
583,1.0,165.0,54.0,2.0,skirt,midi
584,1.0,166.0,61.0,2.0,skirt,midi
585,1.0,172.0,52.0,2.0,skirt,midi
586,1.0,167.0,54.0,1.0,skirt,midi
587,1.0,163.0,60.0,2.0,skirt,midi
0,1.0,159.0,47.0,1.0,skirt,mini
1,1.0,165.0,53.0,2.0,skirt,mini
2,1.0,160.0,61.0,2.0,skirt,mini
3,1.0,154.0,44.0,0.0,skirt,mini
4,1.0,172.0,61.0,3.0,skirt,mini
5,1.0,167.0,55.0,2.0,skirt,mini
6,1.0,167.0,55.0,2.0,skirt,mini
7,1.0,155.0,46.0,0.0,skirt,mini
8,1.0,170.0,51.0,1.0,skirt,mini
9,1.0,162.0,50.0,1.0,skirt,mini
10,1.0,169.0,55.0,2.0,skirt,mini
11,0.0,162.0,55.0,2.0,skirt,mini
12,1.0,163.0,46.0,1.0,skirt,mini
13,1.0,153.0,41.0,1.0,skirt,mini
14,1.0,168.0,55.0,2.0,skirt,mini
15,1.0,162.0,48.0,2.0,skirt,mini
16,1.0,169.0,54.0,2.0,skirt,mini
17,1.0,164.0,52.0,1.0,skirt,mini
18,1.0,163.0,46.0,1.0,skirt,mini
19,1.0,162.0,49.0,1.0,skirt,mini
20,1.0,170.0,56.0,2.0,skirt,mini
21,1.0,164.0,59.0,2.0,skirt,mini
22,1.0,166.0,50.0,1.0,skirt,mini
23,1.0,161.0,47.0,1.0,skirt,mini
24,1.0,155.0,43.0,0.0,skirt,mini
25,1.0,163.0,57.0,2.0,skirt,mini
26,1.0,161.0,48.0,1.0,skirt,mini
27,1.0,160.0,53.0,1.0,skirt,mini
28,1.0,174.0,68.0,3.0,skirt,mini
29,1.0,170.0,55.0,1.0,skirt,mini
30,1.0,155.0,40.0,0.0,skirt,mini
31,1.0,155.0,40.0,1.0,skirt,mini
32,1.0,158.0,48.0,1.0,skirt,mini
33,1.0,168.0,51.0,1.0,skirt,mini
34,1.0,168.0,58.0,3.0,skirt,mini
35,1.0,164.0,47.0,2.0,skirt,mini
36,1.0,160.0,52.0,2.0,skirt,mini
37,1.0,160.0,55.0,3.0,skirt,mini
38,1.0,162.0,44.0,0.0,skirt,mini
39,1.0,167.0,56.0,1.0,skirt,mini
40,1.0,170.0,70.0,3.0,skirt,mini
41,1.0,166.0,48.0,0.0,skirt,mini
42,1.0,168.0,54.0,3.0,skirt,mini
43,1.0,166.0,45.0,1.0,skirt,mini
44,1.0,158.0,46.0,1.0,skirt,mini
45,1.0,169.0,79.0,3.0,skirt,mini
46,1.0,161.0,48.0,0.0,skirt,mini
47,1.0,163.0,60.0,3.0,skirt,mini
48,1.0,170.0,54.0,2.0,skirt,mini
49,1.0,168.0,59.0,2.0,skirt,mini
50,1.0,172.0,67.0,3.0,skirt,mini
51,1.0,163.0,48.0,1.0,skirt,mini
52,1.0,167.0,50.0,1.0,skirt,mini
53,1.0,160.0,52.0,2.0,skirt,mini
54,1.0,158.0,50.0,1.0,skirt,mini
55,1.0,158.0,55.0,1.0,skirt,mini
56,1.0,155.0,50.0,1.0,skirt,mini
57,1.0,161.0,52.0,1.0,skirt,mini
58,1.0,162.0,48.0,1.0,skirt,mini
59,1.0,160.0,53.0,2.0,skirt,mini
60,1.0,173.0,75.0,3.0,skirt,mini
61,1.0,163.0,52.0,1.0,skirt,mini
62,1.0,156.0,45.0,0.0,skirt,mini
63,1.0,165.0,59.0,3.0,skirt,mini
64,1.0,167.0,65.0,3.0,skirt,mini
65,1.0,161.0,51.0,2.0,skirt,mini
66,1.0,162.0,50.0,1.0,skirt,mini
67,1.0,162.0,56.0,2.0,skirt,mini
68,1.0,155.0,42.0,1.0,skirt,mini
69,1.0,160.0,57.0,2.0,skirt,mini
70,1.0,162.0,52.0,2.0,skirt,mini
71,1.0,150.0,45.0,0.0,skirt,mini
72,1.0,165.0,44.0,1.0,skirt,mini
73,1.0,163.0,52.0,2.0,skirt,mini
74,1.0,158.0,41.0,0.0,skirt,mini
75,1.0,152.0,45.0,0.0,skirt,mini
76,1.0,162.0,50.0,1.0,skirt,mini
77,1.0,160.0,50.0,2.0,skirt,mini
78,1.0,164.0,55.0,2.0,skirt,mini
79,1.0,167.0,50.0,1.0,skirt,mini
80,1.0,167.0,60.0,2.0,skirt,mini
81,1.0,153.0,40.0,0.0,skirt,mini
82,1.0,164.0,64.0,3.0,skirt,mini
83,1.0,163.0,50.0,1.0,skirt,mini
84,1.0,167.0,61.0,2.0,skirt,mini
85,1.0,160.0,43.0,0.0,skirt,mini
86,1.0,160.0,47.0,1.0,skirt,mini
87,1.0,150.0,39.0,1.0,skirt,mini
88,1.0,164.0,50.0,1.0,skirt,mini
89,0.0,155.0,55.0,1.0,skirt,mini
90,1.0,158.0,48.0,1.0,skirt,mini
91,1.0,172.0,62.0,3.0,skirt,mini
92,1.0,160.0,50.0,1.0,skirt,mini
93,1.0,155.0,46.0,0.0,skirt,mini
94,1.0,158.0,48.0,1.0,skirt,mini
95,1.0,165.0,50.0,1.0,skirt,mini
96,1.0,165.0,52.0,1.0,skirt,mini
97,1.0,170.0,60.0,2.0,skirt,mini
98,1.0,163.0,54.0,2.0,skirt,mini
99,1.0,160.0,55.0,2.0,skirt,mini
100,1.0,152.0,51.0,3.0,skirt,mini
101,1.0,163.0,48.0,1.0,skirt,mini
102,1.0,155.0,43.0,0.0,skirt,mini
103,1.0,163.0,50.0,1.0,skirt,mini
104,1.0,160.0,48.0,1.0,skirt,mini
105,1.0,161.0,50.0,2.0,skirt,mini
106,1.0,151.0,44.0,1.0,skirt,mini
107,1.0,168.0,45.0,1.0,skirt,mini
108,1.0,165.0,42.0,2.0,skirt,mini
109,1.0,166.0,46.0,1.0,skirt,mini
110,1.0,168.0,52.0,1.0,skirt,mini
111,1.0,167.0,64.0,3.0,skirt,mini
112,1.0,159.0,46.0,0.0,skirt,mini
113,1.0,161.0,40.0,1.0,skirt,mini
114,1.0,164.0,45.0,1.0,skirt,mini
115,1.0,174.0,51.0,1.0,skirt,mini
116,1.0,163.0,52.0,2.0,skirt,mini
117,1.0,158.0,43.0,0.0,skirt,mini
118,1.0,166.0,55.0,2.0,skirt,mini
119,1.0,170.0,57.0,2.0,skirt,mini
120,1.0,160.0,48.0,0.0,skirt,mini
121,1.0,150.0,40.0,1.0,skirt,mini
122,1.0,173.0,65.0,3.0,skirt,mini
123,1.0,164.0,53.0,1.0,skirt,mini
124,1.0,157.0,55.0,2.0,skirt,mini
125,1.0,160.0,50.0,2.0,skirt,mini
126,1.0,157.0,48.0,1.0,skirt,mini
127,1.0,169.0,58.0,2.0,skirt,mini
128,1.0,167.0,65.0,3.0,skirt,mini
129,1.0,162.0,70.0,3.0,skirt,mini
130,1.0,163.0,55.0,3.0,skirt,mini
131,1.0,163.0,44.0,1.0,skirt,mini
132,1.0,161.0,51.0,1.0,skirt,mini
133,1.0,160.0,46.0,1.0,skirt,mini
134,1.0,160.0,56.0,2.0,skirt,mini
135,1.0,167.0,50.0,1.0,skirt,mini
136,1.0,165.0,50.0,1.0,skirt,mini
137,1.0,166.0,58.0,2.0,skirt,mini
138,1.0,165.0,57.0,3.0,skirt,mini
139,1.0,165.0,55.0,2.0,skirt,mini
140,1.0,170.0,57.0,3.0,skirt,mini
141,1.0,163.0,48.0,0.0,skirt,mini
142,1.0,164.0,55.0,2.0,skirt,mini
143,1.0,161.0,60.0,3.0,skirt,mini
144,1.0,158.0,58.0,3.0,skirt,mini
145,1.0,161.0,60.0,2.0,skirt,mini
146,1.0,160.0,52.0,0.0,skirt,mini
147,1.0,170.0,50.0,1.0,skirt,mini
148,1.0,162.0,54.0,1.0,skirt,mini
149,1.0,158.0,47.0,1.0,skirt,mini
150,1.0,164.0,61.0,2.0,skirt,mini
151,1.0,161.0,55.0,2.0,skirt,mini
152,1.0,169.0,65.0,3.0,skirt,mini
153,1.0,161.0,45.0,0.0,skirt,mini
154,1.0,160.0,44.0,1.0,skirt,mini
155,1.0,161.0,64.0,3.0,skirt,mini
156,1.0,155.0,57.0,3.0,skirt,mini
157,1.0,163.0,46.0,0.0,skirt,mini
158,1.0,163.0,45.0,0.0,skirt,mini
159,1.0,154.0,38.0,1.0,skirt,mini
160,1.0,160.0,48.0,1.0,skirt,mini
161,1.0,160.0,42.0,1.0,skirt,mini
162,1.0,158.0,47.0,1.0,skirt,mini
163,1.0,162.0,62.0,3.0,skirt,mini
164,1.0,167.0,54.0,2.0,skirt,mini
165,1.0,168.0,57.0,3.0,skirt,mini
166,1.0,160.0,60.0,2.0,skirt,mini
167,1.0,160.0,49.0,2.0,skirt,mini
168,1.0,159.0,50.0,1.0,skirt,mini
169,1.0,155.0,44.0,1.0,skirt,mini
170,1.0,166.0,56.0,1.0,skirt,mini
171,1.0,161.0,49.0,1.0,skirt,mini
172,1.0,153.0,38.0,0.0,skirt,mini
173,1.0,170.0,55.0,2.0,skirt,mini
174,1.0,161.0,55.0,2.0,skirt,mini
175,1.0,162.0,55.0,2.0,skirt,mini
176,1.0,176.0,65.0,3.0,skirt,mini
177,1.0,163.0,49.0,1.0,skirt,mini
178,1.0,164.0,44.0,0.0,skirt,mini
179,1.0,169.0,55.0,3.0,skirt,mini
180,1.0,168.0,54.0,1.0,skirt,mini
181,1.0,166.0,66.0,3.0,skirt,mini
182,1.0,158.0,47.0,1.0,skirt,mini
183,1.0,161.0,58.0,2.0,skirt,mini
184,1.0,162.0,44.0,2.0,skirt,mini
185,1.0,162.0,65.0,3.0,skirt,mini
186,1.0,167.0,55.0,2.0,skirt,mini
187,1.0,161.0,50.0,1.0,skirt,mini
188,1.0,160.0,47.0,1.0,skirt,mini
189,1.0,161.0,50.0,1.0,skirt,mini
190,1.0,161.0,49.0,1.0,skirt,mini
191,1.0,160.0,44.0,0.0,skirt,mini
192,1.0,168.0,53.0,1.0,skirt,mini
193,1.0,163.0,54.0,2.0,skirt,mini
194,1.0,167.0,56.0,2.0,skirt,mini
195,1.0,163.0,53.0,1.0,skirt,mini
196,1.0,166.0,57.0,2.0,skirt,mini
197,1.0,168.0,59.0,3.0,skirt,mini
198,1.0,172.0,52.0,2.0,skirt,mini
199,1.0,157.0,48.0,1.0,skirt,mini
200,1.0,173.0,62.0,1.0,skirt,mini
201,1.0,155.0,52.0,1.0,skirt,mini
202,1.0,163.0,50.0,1.0,skirt,mini
203,1.0,168.0,51.0,1.0,skirt,mini
204,1.0,170.0,60.0,2.0,skirt,mini
205,1.0,167.0,46.0,0.0,skirt,mini
206,1.0,158.0,41.0,0.0,skirt,mini
207,1.0,168.0,50.0,1.0,skirt,mini
208,1.0,150.0,48.0,2.0,skirt,mini
209,1.0,163.0,67.0,3.0,skirt,mini
210,1.0,161.0,52.0,1.0,skirt,mini
211,1.0,160.0,150.0,2.0,skirt,mini
212,1.0,159.0,51.0,2.0,skirt,mini
213,1.0,160.0,57.0,1.0,skirt,mini
214,1.0,173.0,77.0,2.0,skirt,mini
215,1.0,168.0,66.0,3.0,skirt,mini
216,1.0,164.0,57.0,2.0,skirt,mini
217,1.0,170.0,55.0,1.0,skirt,mini
218,1.0,160.0,47.0,1.0,skirt,mini
219,1.0,170.0,68.0,3.0,skirt,mini
220,1.0,158.0,45.0,1.0,skirt,mini
221,1.0,151.0,41.0,1.0,skirt,mini
222,0.0,159.0,55.0,2.0,skirt,mini
223,1.0,167.0,54.0,2.0,skirt,mini
224,1.0,155.0,40.0,1.0,skirt,mini
225,1.0,161.0,55.0,2.0,skirt,mini
226,1.0,153.0,38.0,1.0,skirt,mini
227,1.0,161.0,45.0,2.0,skirt,mini
228,1.0,164.0,52.0,2.0,skirt,mini
229,1.0,155.0,42.0,0.0,skirt,mini
230,1.0,160.0,54.0,3.0,skirt,mini
231,1.0,162.0,52.0,2.0,skirt,mini
232,1.0,162.0,48.0,1.0,skirt,mini
233,1.0,167.0,45.0,1.0,skirt,mini
234,1.0,160.0,48.0,1.0,skirt,mini
235,1.0,160.0,60.0,3.0,skirt,mini
236,1.0,165.0,55.0,3.0,skirt,mini
237,1.0,163.0,53.0,1.0,skirt,mini
238,1.0,161.0,60.0,2.0,skirt,mini
239,1.0,171.0,65.0,3.0,skirt,mini
240,1.0,173.0,53.0,2.0,skirt,mini
241,1.0,164.0,49.0,1.0,skirt,mini
242,1.0,170.0,52.0,1.0,skirt,mini
243,1.0,160.0,55.0,2.0,skirt,mini
244,1.0,160.0,51.0,2.0,skirt,mini
245,1.0,166.0,65.0,3.0,skirt,mini
246,1.0,172.0,53.0,3.0,skirt,mini
247,1.0,160.0,56.0,2.0,skirt,mini
248,1.0,178.0,70.0,3.0,skirt,mini
249,1.0,160.0,62.0,2.0,skirt,mini
250,1.0,160.0,52.0,2.0,skirt,mini
251,1.0,164.0,53.0,1.0,skirt,mini
252,1.0,158.0,47.0,2.0,skirt,mini
253,1.0,161.0,59.0,2.0,skirt,mini
254,1.0,172.0,54.0,2.0,skirt,mini
255,1.0,150.0,48.0,2.0,skirt,mini
256,1.0,158.0,52.0,1.0,skirt,mini
257,1.0,165.0,63.0,3.0,skirt,mini
258,1.0,159.0,47.0,1.0,skirt,mini
259,1.0,164.0,49.0,2.0,skirt,mini
260,1.0,156.0,43.0,0.0,skirt,mini
261,1.0,167.0,63.0,3.0,skirt,mini
262,1.0,156.0,40.0,1.0,skirt,mini
263,1.0,155.0,48.0,3.0,skirt,mini
264,1.0,163.0,52.0,1.0,skirt,mini
265,1.0,163.0,52.0,1.0,skirt,mini
266,1.0,164.0,57.0,2.0,skirt,mini
267,1.0,168.0,61.0,3.0,skirt,mini
268,1.0,170.0,56.0,2.0,skirt,mini
269,1.0,171.0,70.0,1.0,skirt,mini
270,1.0,160.0,52.0,2.0,skirt,mini
271,1.0,165.0,50.0,1.0,skirt,mini
272,1.0,163.0,52.0,1.0,skirt,mini
273,1.0,169.0,54.0,2.0,skirt,mini
274,1.0,168.0,60.0,1.0,skirt,mini
275,1.0,165.0,55.0,2.0,skirt,mini
276,1.0,165.0,55.0,2.0,skirt,mini
277,1.0,160.0,52.0,1.0,skirt,mini
278,1.0,163.0,53.0,2.0,skirt,mini
279,1.0,160.0,60.0,1.0,skirt,mini
280,1.0,166.0,48.0,1.0,skirt,mini
281,1.0,158.0,45.0,1.0,skirt,mini
282,1.0,171.0,52.0,0.0,skirt,mini
283,1.0,152.0,50.0,2.0,skirt,mini
284,1.0,160.0,49.0,1.0,skirt,mini
285,1.0,154.0,39.0,1.0,skirt,mini
286,1.0,159.0,55.0,2.0,skirt,mini
287,1.0,171.0,64.0,3.0,skirt,mini
288,1.0,160.0,50.0,1.0,skirt,mini
289,1.0,167.0,50.0,1.0,skirt,mini
290,1.0,169.0,58.0,2.0,skirt,mini
291,1.0,163.0,47.0,1.0,skirt,mini
292,1.0,158.0,49.0,1.0,skirt,mini
293,1.0,167.0,61.0,1.0,skirt,mini
294,1.0,163.0,56.0,3.0,skirt,mini
295,1.0,165.0,54.0,1.0,skirt,mini
296,1.0,160.0,46.0,1.0,skirt,mini
297,1.0,163.0,50.0,2.0,skirt,mini
298,1.0,165.0,54.0,2.0,skirt,mini
299,1.0,159.0,47.0,0.0,skirt,mini
300,1.0,150.0,40.0,0.0,skirt,mini
301,1.0,166.0,60.0,2.0,skirt,mini
302,1.0,161.0,47.0,2.0,skirt,mini
303,1.0,169.0,60.0,3.0,skirt,mini
304,1.0,162.0,48.0,1.0,skirt,mini
305,1.0,171.0,60.0,2.0,skirt,mini
306,1.0,167.0,57.0,2.0,skirt,mini
307,1.0,160.0,55.0,2.0,skirt,mini
308,1.0,162.0,55.0,2.0,skirt,mini
309,1.0,172.0,62.0,3.0,skirt,mini
310,1.0,155.0,43.0,1.0,skirt,mini
311,1.0,164.0,55.0,2.0,skirt,mini
312,1.0,161.0,65.0,3.0,skirt,mini
313,1.0,170.0,60.0,2.0,skirt,mini
314,1.0,164.0,60.0,3.0,skirt,mini
315,1.0,168.0,53.0,0.0,skirt,mini
316,1.0,166.0,65.0,2.0,skirt,mini
317,1.0,160.0,55.0,2.0,skirt,mini
318,1.0,171.0,64.0,3.0,skirt,mini
319,1.0,155.0,44.0,1.0,skirt,mini
320,1.0,185.0,76.0,3.0,skirt,mini
321,1.0,167.0,70.0,2.0,skirt,mini
322,1.0,155.0,48.0,1.0,skirt,mini
323,1.0,159.0,46.0,1.0,skirt,mini
324,1.0,167.0,65.0,2.0,skirt,mini
325,1.0,155.0,43.0,1.0,skirt,mini
326,1.0,160.0,57.0,2.0,skirt,mini
327,1.0,168.0,57.0,2.0,skirt,mini
328,1.0,165.0,50.0,2.0,skirt,mini
329,1.0,161.0,65.0,2.0,skirt,mini
330,1.0,158.0,47.0,1.0,skirt,mini
331,1.0,158.0,48.0,2.0,skirt,mini
332,1.0,163.0,63.0,2.0,skirt,mini
333,1.0,161.0,50.0,1.0,skirt,mini
334,1.0,154.0,48.0,2.0,skirt,mini
335,1.0,163.0,48.0,2.0,skirt,mini
336,1.0,164.0,62.0,3.0,skirt,mini
337,1.0,167.0,57.0,2.0,skirt,mini
338,1.0,160.0,55.0,2.0,skirt,mini
339,1.0,164.0,55.0,2.0,skirt,mini
340,1.0,166.0,53.0,2.0,skirt,mini
341,1.0,168.0,53.0,1.0,skirt,mini
342,1.0,161.0,49.0,1.0,skirt,mini
343,1.0,169.0,52.0,2.0,skirt,mini
344,1.0,156.0,44.0,0.0,skirt,mini
345,1.0,162.0,56.0,2.0,skirt,mini
346,1.0,158.0,58.0,3.0,skirt,mini
347,1.0,160.0,48.0,1.0,skirt,mini
348,1.0,155.0,51.0,2.0,skirt,mini
349,1.0,164.0,64.0,2.0,skirt,mini
350,1.0,161.0,52.0,2.0,skirt,mini
351,1.0,170.0,55.0,2.0,skirt,mini
352,1.0,156.0,46.0,1.0,skirt,mini
353,1.0,161.0,41.0,1.0,skirt,mini
354,1.0,156.0,45.0,1.0,skirt,mini
355,1.0,160.0,50.0,1.0,skirt,mini
356,1.0,160.0,61.0,3.0,skirt,mini
357,1.0,166.0,50.0,1.0,skirt,mini
358,1.0,164.0,49.0,2.0,skirt,mini
359,1.0,160.0,56.0,2.0,skirt,mini
360,1.0,167.0,52.0,2.0,skirt,mini
361,1.0,168.0,60.0,3.0,skirt,mini
362,1.0,168.0,62.0,3.0,skirt,mini
363,1.0,160.0,50.0,2.0,skirt,mini
364,1.0,165.0,44.0,0.0,skirt,mini
365,1.0,164.0,61.0,2.0,skirt,mini
366,1.0,162.0,52.0,1.0,skirt,mini
367,1.0,162.0,54.0,1.0,skirt,mini
368,1.0,158.0,47.0,1.0,skirt,mini
369,1.0,155.0,55.0,1.0,skirt,mini
370,1.0,164.0,53.0,2.0,skirt,mini
371,1.0,163.0,45.0,1.0,skirt,mini
372,1.0,159.0,47.0,0.0,skirt,mini
373,1.0,167.0,50.0,2.0,skirt,mini
374,1.0,162.0,50.0,2.0,skirt,mini
375,1.0,168.0,60.0,3.0,skirt,mini
376,1.0,158.0,43.0,1.0,skirt,mini
377,1.0,158.0,60.0,2.0,skirt,mini
378,1.0,156.0,40.0,1.0,skirt,mini
379,1.0,167.0,65.0,3.0,skirt,mini
380,1.0,163.0,59.0,2.0,skirt,mini
381,1.0,162.0,55.0,1.0,skirt,mini
382,1.0,166.0,58.0,3.0,skirt,mini
383,1.0,160.0,41.0,0.0,skirt,mini
384,1.0,160.0,41.0,0.0,skirt,mini
385,1.0,170.0,57.0,2.0,skirt,mini
386,1.0,161.0,60.0,2.0,skirt,mini
387,1.0,158.0,45.0,1.0,skirt,mini
388,1.0,163.0,48.0,1.0,skirt,mini
389,1.0,160.0,51.0,2.0,skirt,mini
390,1.0,161.0,60.0,2.0,skirt,mini
391,1.0,172.0,55.0,3.0,skirt,mini
392,1.0,168.0,55.0,2.0,skirt,mini
393,1.0,164.0,80.0,3.0,skirt,mini
394,1.0,155.0,53.0,1.0,skirt,mini
395,1.0,156.0,46.0,1.0,skirt,mini
396,1.0,160.0,70.0,3.0,skirt,mini
397,1.0,158.0,52.0,1.0,skirt,mini
398,1.0,160.0,47.0,1.0,skirt,mini
399,1.0,158.0,50.0,1.0,skirt,mini
400,1.0,153.0,43.0,0.0,skirt,mini
401,1.0,159.0,46.0,0.0,skirt,mini
402,1.0,171.0,67.0,2.0,skirt,mini
403,1.0,163.0,50.0,1.0,skirt,mini
404,1.0,160.0,61.0,2.0,skirt,mini
405,1.0,160.0,43.0,1.0,skirt,mini
406,1.0,160.0,49.0,1.0,skirt,mini
407,1.0,159.0,47.0,1.0,skirt,mini
408,1.0,161.0,46.0,1.0,skirt,mini
409,1.0,165.0,70.0,3.0,skirt,mini
410,1.0,164.0,50.0,1.0,skirt,mini
411,1.0,170.0,55.0,3.0,skirt,mini
412,1.0,160.0,50.0,2.0,skirt,mini
413,1.0,156.0,48.0,2.0,skirt,mini
414,1.0,167.0,57.0,3.0,skirt,mini
415,1.0,160.0,55.0,3.0,skirt,mini
416,1.0,156.0,51.0,2.0,skirt,mini
417,1.0,160.0,65.0,2.0,skirt,mini
418,1.0,160.0,46.0,1.0,skirt,mini
419,1.0,162.0,56.0,1.0,skirt,mini
420,1.0,166.0,50.0,2.0,skirt,mini
421,1.0,159.0,48.0,1.0,skirt,mini
422,1.0,158.0,65.0,3.0,skirt,mini
423,1.0,163.0,51.0,2.0,skirt,mini
424,1.0,165.0,51.0,1.0,skirt,mini
425,1.0,158.0,56.0,2.0,skirt,mini
426,1.0,168.0,62.0,2.0,skirt,mini
427,1.0,160.0,50.0,2.0,skirt,mini
428,1.0,158.0,47.0,1.0,skirt,mini
429,1.0,165.0,58.0,2.0,skirt,mini
430,1.0,165.0,55.0,1.0,skirt,mini
431,1.0,153.0,53.0,2.0,skirt,mini
432,1.0,162.0,55.0,2.0,skirt,mini
433,1.0,158.0,43.0,1.0,skirt,mini
434,1.0,161.0,58.0,2.0,skirt,mini
435,1.0,172.0,61.0,3.0,skirt,mini
436,1.0,155.0,50.0,1.0,skirt,mini
437,1.0,162.0,53.0,2.0,skirt,mini
438,1.0,161.0,53.0,1.0,skirt,mini
439,1.0,165.0,54.0,2.0,skirt,mini
440,1.0,170.0,61.0,3.0,skirt,mini
441,1.0,165.0,60.0,3.0,skirt,mini
442,1.0,160.0,50.0,1.0,skirt,mini
443,1.0,166.0,70.0,3.0,skirt,mini
444,1.0,155.0,43.0,0.0,skirt,mini
445,1.0,163.0,45.0,2.0,skirt,mini
446,1.0,163.0,54.0,1.0,skirt,mini
447,1.0,161.0,60.0,2.0,skirt,mini
448,1.0,152.0,37.0,1.0,skirt,mini
449,1.0,166.0,53.0,1.0,skirt,mini
450,1.0,172.0,62.0,2.0,skirt,mini
451,1.0,160.0,52.0,2.0,skirt,mini
452,1.0,170.0,57.0,2.0,skirt,mini
453,1.0,169.0,60.0,3.0,skirt,mini
454,1.0,160.0,49.0,2.0,skirt,mini
455,1.0,170.0,50.0,2.0,skirt,mini
456,1.0,163.0,65.0,3.0,skirt,mini
457,1.0,161.0,54.0,2.0,skirt,mini
458,1.0,154.0,41.0,1.0,skirt,mini
459,1.0,169.0,69.0,3.0,skirt,mini
460,1.0,154.0,44.0,1.0,skirt,mini
461,1.0,165.0,63.0,2.0,skirt,mini
462,1.0,163.0,47.0,2.0,skirt,mini
463,1.0,157.0,41.0,0.0,skirt,mini
464,1.0,155.0,42.0,1.0,skirt,mini
465,1.0,158.0,60.0,2.0,skirt,mini
466,1.0,155.0,40.0,2.0,skirt,mini
467,1.0,164.0,56.0,2.0,skirt,mini
468,1.0,157.0,55.0,2.0,skirt,mini
469,1.0,162.0,57.0,2.0,skirt,mini
470,1.0,166.0,55.0,2.0,skirt,mini
471,1.0,166.0,60.0,3.0,skirt,mini
472,1.0,162.0,47.0,1.0,skirt,mini
473,1.0,159.0,42.0,0.0,skirt,mini
474,1.0,158.0,51.0,1.0,skirt,mini
475,1.0,170.0,56.0,1.0,skirt,mini
476,1.0,163.0,53.0,1.0,skirt,mini
477,1.0,174.0,60.0,2.0,skirt,mini
478,1.0,158.0,52.0,2.0,skirt,mini
479,1.0,155.0,48.0,1.0,skirt,mini
480,1.0,169.0,62.0,2.0,skirt,mini
481,1.0,166.0,51.0,1.0,skirt,mini
482,1.0,166.0,60.0,1.0,skirt,mini
483,1.0,158.0,55.0,1.0,skirt,mini
484,1.0,155.0,42.0,1.0,skirt,mini
485,1.0,172.0,61.0,3.0,skirt,mini
486,1.0,159.0,50.0,2.0,skirt,mini
487,1.0,153.0,43.0,1.0,skirt,mini
488,1.0,160.0,50.0,1.0,skirt,mini
489,0.0,174.0,70.0,1.0,skirt,mini
490,1.0,171.0,55.0,2.0,skirt,mini
491,1.0,158.0,40.0,0.0,skirt,mini
492,1.0,168.0,56.0,2.0,skirt,mini
493,1.0,163.0,50.0,1.0,skirt,mini
494,1.0,167.0,54.0,1.0,skirt,mini
495,1.0,167.0,53.0,2.0,skirt,mini
496,1.0,163.0,60.0,2.0,skirt,mini
497,1.0,157.0,53.0,1.0,skirt,mini
498,1.0,157.0,48.0,1.0,skirt,mini
499,1.0,156.0,51.0,1.0,skirt,mini
500,1.0,166.0,53.0,1.0,skirt,mini
501,1.0,164.0,58.0,3.0,skirt,mini
502,1.0,168.0,59.0,3.0,skirt,mini
503,1.0,160.0,52.0,1.0,skirt,mini
504,1.0,168.0,58.0,2.0,skirt,mini
505,1.0,168.0,58.0,1.0,skirt,mini
506,1.0,158.0,48.0,1.0,skirt,mini
507,1.0,158.0,49.0,2.0,skirt,mini
508,1.0,170.0,58.0,3.0,skirt,mini
509,1.0,169.0,54.0,2.0,skirt,mini
510,1.0,163.0,48.0,1.0,skirt,mini
511,1.0,157.0,50.0,0.0,skirt,mini
512,1.0,163.0,50.0,2.0,skirt,mini
513,1.0,163.0,54.0,2.0,skirt,mini
514,1.0,170.0,58.0,3.0,skirt,mini
515,1.0,167.0,50.0,1.0,skirt,mini
516,1.0,163.0,54.0,3.0,skirt,mini
517,1.0,160.0,50.0,2.0,skirt,mini
518,1.0,164.0,54.0,1.0,skirt,mini
519,1.0,158.0,48.0,0.0,skirt,mini
520,1.0,166.0,47.0,1.0,skirt,mini
521,1.0,159.0,62.0,3.0,skirt,mini
522,1.0,170.0,48.0,0.0,skirt,mini
523,1.0,161.0,58.0,1.0,skirt,mini
524,1.0,165.0,54.0,2.0,skirt,mini
525,1.0,160.0,55.0,1.0,skirt,mini
526,1.0,168.0,48.0,1.0,skirt,mini
527,1.0,173.0,60.0,3.0,skirt,mini
528,1.0,158.0,58.0,1.0,skirt,mini
529,1.0,170.0,58.0,2.0,skirt,mini
530,1.0,161.0,48.0,1.0,skirt,mini
531,1.0,168.0,54.0,2.0,skirt,mini
532,1.0,163.0,50.0,2.0,skirt,mini
533,1.0,164.0,50.0,2.0,skirt,mini
534,1.0,167.0,57.0,1.0,skirt,mini
535,1.0,163.0,53.0,2.0,skirt,mini
536,1.0,161.0,63.0,3.0,skirt,mini
537,1.0,165.0,53.0,1.0,skirt,mini
538,1.0,159.0,52.0,1.0,skirt,mini
539,1.0,164.0,56.0,2.0,skirt,mini
540,1.0,164.0,48.0,1.0,skirt,mini
541,1.0,163.0,50.0,1.0,skirt,mini
542,1.0,168.0,55.0,2.0,skirt,mini
543,1.0,165.0,54.0,2.0,skirt,mini
544,1.0,167.0,60.0,3.0,skirt,mini
545,1.0,156.0,51.0,1.0,skirt,mini
546,1.0,160.0,50.0,1.0,skirt,mini
547,1.0,160.0,45.0,0.0,skirt,mini
548,0.0,165.0,60.0,2.0,skirt,mini
549,1.0,172.0,60.0,1.0,skirt,mini
550,1.0,157.0,50.0,1.0,skirt,mini
551,1.0,168.0,52.0,2.0,skirt,mini
552,1.0,160.0,44.0,0.0,skirt,mini
553,1.0,161.0,51.0,1.0,skirt,mini
554,1.0,163.0,43.0,0.0,skirt,mini
555,1.0,164.0,63.0,2.0,skirt,mini
556,1.0,168.0,54.0,1.0,skirt,mini
557,1.0,159.0,54.0,1.0,skirt,mini
558,1.0,165.0,54.0,2.0,skirt,mini
559,1.0,167.0,58.0,2.0,skirt,mini
560,1.0,168.0,55.0,2.0,skirt,mini
561,1.0,160.0,50.0,2.0,skirt,mini
562,1.0,167.0,62.0,3.0,skirt,mini
563,1.0,160.0,63.0,3.0,skirt,mini
564,1.0,164.0,60.0,2.0,skirt,mini
565,1.0,162.0,48.0,1.0,skirt,mini
566,1.0,173.0,70.0,3.0,skirt,mini
567,1.0,168.0,53.0,2.0,skirt,mini
568,1.0,161.0,51.0,1.0,skirt,mini
569,1.0,168.0,52.0,3.0,skirt,mini
570,1.0,158.0,44.0,0.0,skirt,mini
571,1.0,163.0,43.0,1.0,skirt,mini
572,1.0,165.0,52.0,2.0,skirt,mini
573,1.0,161.0,64.0,3.0,skirt,mini
574,1.0,163.0,48.0,2.0,skirt,mini
575,1.0,165.0,56.0,1.0,skirt,mini
576,1.0,158.0,44.0,1.0,skirt,mini
577,0.0,170.0,60.0,2.0,skirt,mini
578,1.0,173.0,73.0,3.0,skirt,mini
579,1.0,158.0,55.0,2.0,skirt,mini
580,1.0,164.0,48.0,1.0,skirt,mini
581,1.0,163.0,50.0,2.0,skirt,mini
582,1.0,152.0,47.0,1.0,skirt,mini
583,1.0,171.0,65.0,3.0,skirt,mini
584,1.0,163.0,53.0,1.0,skirt,mini
585,1.0,160.0,150.0,2.0,skirt,mini
586,1.0,163.0,62.0,3.0,skirt,mini
587,1.0,164.0,55.0,3.0,skirt,mini
588,1.0,160.0,57.0,2.0,skirt,mini
589,1.0,160.0,48.0,2.0,skirt,mini
590,1.0,165.0,60.0,3.0,skirt,mini
591,1.0,160.0,47.0,2.0,skirt,mini
592,1.0,162.0,50.0,1.0,skirt,mini
593,1.0,160.0,50.0,2.0,skirt,mini
594,1.0,163.0,49.0,2.0,skirt,mini
595,1.0,165.0,50.0,2.0,skirt,mini
596,1.0,169.0,56.0,2.0,skirt,mini
597,1.0,160.0,52.0,2.0,skirt,mini
598,1.0,164.0,58.0,1.0,skirt,mini
599,1.0,165.0,42.0,0.0,skirt,mini
600,1.0,163.0,49.0,2.0,skirt,mini
601,1.0,171.0,51.0,0.0,skirt,mini
602,1.0,165.0,48.0,1.0,skirt,mini
603,1.0,162.0,47.0,0.0,skirt,mini
604,1.0,163.0,53.0,1.0,skirt,mini
605,1.0,161.0,52.0,1.0,skirt,mini
606,1.0,169.0,54.0,1.0,skirt,mini
607,1.0,170.0,55.0,1.0,skirt,mini
608,1.0,165.0,48.0,1.0,skirt,mini
609,1.0,163.0,52.0,1.0,skirt,mini
610,1.0,166.0,56.0,2.0,skirt,mini
611,1.0,163.0,60.0,2.0,skirt,mini
612,1.0,162.0,60.0,2.0,skirt,mini
613,1.0,150.0,43.0,1.0,skirt,mini
614,1.0,154.0,42.0,1.0,skirt,mini
615,1.0,160.0,48.0,1.0,skirt,mini
616,1.0,170.0,51.0,2.0,skirt,mini
617,1.0,157.0,46.0,1.0,skirt,mini
618,1.0,159.0,48.0,1.0,skirt,mini
619,1.0,166.0,61.0,2.0,skirt,mini
620,1.0,162.0,52.0,1.0,skirt,mini
621,1.0,160.0,50.0,1.0,skirt,mini
622,1.0,163.0,53.0,2.0,skirt,mini
623,1.0,164.0,47.0,1.0,skirt,mini
624,1.0,172.0,60.0,2.0,skirt,mini
625,1.0,168.0,57.0,3.0,skirt,mini
626,1.0,155.0,45.0,1.0,skirt,mini
627,1.0,171.0,63.0,2.0,skirt,mini
628,1.0,170.0,65.0,2.0,skirt,mini
629,1.0,170.0,60.0,3.0,skirt,mini
630,1.0,156.0,43.0,1.0,skirt,mini
631,1.0,162.0,57.0,3.0,skirt,mini
632,1.0,160.0,50.0,2.0,skirt,mini
633,1.0,158.0,47.0,1.0,skirt,mini
634,1.0,167.0,53.0,2.0,skirt,mini
635,1.0,154.0,40.0,0.0,skirt,mini
636,1.0,163.0,50.0,1.0,skirt,mini
637,1.0,161.0,46.0,1.0,skirt,mini
638,1.0,164.0,55.0,1.0,skirt,mini
639,1.0,154.0,44.0,1.0,skirt,mini
640,1.0,167.0,47.0,1.0,skirt,mini
641,1.0,166.0,150.0,3.0,skirt,mini
642,1.0,159.0,40.0,1.0,skirt,mini
643,1.0,165.0,56.0,2.0,skirt,mini
644,1.0,162.0,52.0,2.0,skirt,mini
645,1.0,170.0,58.0,2.0,skirt,mini
646,1.0,160.0,60.0,3.0,skirt,mini
647,1.0,164.0,52.0,1.0,skirt,mini
648,1.0,152.0,43.0,1.0,skirt,mini
649,1.0,160.0,54.0,2.0,skirt,mini
650,1.0,160.0,56.0,2.0,skirt,mini
651,1.0,168.0,66.0,3.0,skirt,mini
652,1.0,155.0,42.0,0.0,skirt,mini
653,1.0,158.0,44.0,1.0,skirt,mini
654,1.0,163.0,52.0,2.0,skirt,mini
655,1.0,161.0,50.0,2.0,skirt,mini
656,1.0,165.0,53.0,1.0,skirt,mini
657,1.0,171.0,62.0,2.0,skirt,mini
658,1.0,165.0,56.0,2.0,skirt,mini
659,1.0,164.0,50.0,3.0,skirt,mini
660,1.0,163.0,55.0,2.0,skirt,mini
661,1.0,163.0,51.0,1.0,skirt,mini
662,1.0,154.0,44.0,2.0,skirt,mini
